[    0.000000] Linux version 5.15.0-89-generic (buildd@bos03-amd64-016) (gcc (Ubuntu 11.4.0-1ubuntu1~22.04) 11.4.0, GNU ld (GNU Binutils for Ubuntu) 2.38) #99-Ubuntu SMP Mon Oct 30 20:42:41 UTC 2023 (Ubuntu 5.15.0-89.99-generic 5.15.126)
[    0.000000] Command line: BOOT_IMAGE=/boot/vmlinuz-5.15.0-89-generic root=UUID=66add23f-3d34-46f1-a540-ebfdd268827e ro ip=dhcp console=ttyS0,115200 console=tty console=ttyS0 text
[    0.000000] KERNEL supported cpus:
[    0.000000]   Intel GenuineIntel
[    0.000000]   AMD AuthenticAMD
[    0.000000]   Hygon HygonGenuine
[    0.000000]   Centaur CentaurHauls
[    0.000000]   zhaoxin   Shanghai  
[    0.000000] BIOS-provided physical RAM map:
[    0.000000] BIOS-e820: [mem 0x0000000000000000-0x000000000009fbff] usable
[    0.000000] BIOS-e820: [mem 0x000000000009fc00-0x000000000009ffff] reserved
[    0.000000] BIOS-e820: [mem 0x00000000000f0000-0x00000000000fffff] reserved
[    0.000000] BIOS-e820: [mem 0x0000000000100000-0x00000000bffd4fff] usable
[    0.000000] BIOS-e820: [mem 0x00000000bffd5000-0x00000000bfffffff] reserved
[    0.000000] BIOS-e820: [mem 0x00000000feffc000-0x00000000feffffff] reserved
[    0.000000] BIOS-e820: [mem 0x00000000fffc0000-0x00000000ffffffff] reserved
[    0.000000] BIOS-e820: [mem 0x0000000100000000-0x000000013fffffff] usable
[    0.000000] NX (Execute Disable) protection: active
[    0.000000] SMBIOS 2.8 present.
[    0.000000] DMI: QEMU Standard PC (i440FX + PIIX, 1996), BIOS rel-1.16.2-0-gea1b7a073390-prebuilt.qemu.org 04/01/2014
[    0.000000] Hypervisor detected: KVM
[    0.000000] kvm-clock: Using msrs 4b564d01 and 4b564d00
[    0.000000] kvm-clock: cpu 0, msr 8d001001, primary cpu clock
[    0.000003] kvm-clock: using sched offset of 6289841059 cycles
[    0.000007] clocksource: kvm-clock: mask: 0xffffffffffffffff max_cycles: 0x1cd42e4dffb, max_idle_ns: 881590591483 ns
[    0.000012] tsc: Detected 2593.748 MHz processor
[    0.000855] e820: update [mem 0x00000000-0x00000fff] usable ==> reserved
[    0.000858] e820: remove [mem 0x000a0000-0x000fffff] usable
[    0.000863] last_pfn = 0x140000 max_arch_pfn = 0x400000000
[    0.000898] x86/PAT: Configuration [0-7]: WB  WC  UC- UC  WB  WP  UC- WT  
[    0.000909] last_pfn = 0xbffd5 max_arch_pfn = 0x400000000
[    0.010623] found SMP MP-table at [mem 0x000f5b90-0x000f5b9f]
[    0.010649] Using GB pages for direct mapping
[    0.011255] RAMDISK: [mem 0x2aee9000-0x3176bfff]
[    0.011271] ACPI: Early table checksum verification disabled
[    0.011288] ACPI: RSDP 0x00000000000F5990 000014 (v00 BOCHS )
[    0.011296] ACPI: RSDT 0x00000000BFFE1C0D 000034 (v01 BOCHS  BXPC     00000001 BXPC 00000001)
[    0.011306] ACPI: FACP 0x00000000BFFE1AA9 000074 (v01 BOCHS  BXPC     00000001 BXPC 00000001)
[    0.011313] ACPI: DSDT 0x00000000BFFE0040 001A69 (v01 BOCHS  BXPC     00000001 BXPC 00000001)
[    0.011319] ACPI: FACS 0x00000000BFFE0000 000040
[    0.011323] ACPI: APIC 0x00000000BFFE1B1D 000090 (v01 BOCHS  BXPC     00000001 BXPC 00000001)
[    0.011327] ACPI: HPET 0x00000000BFFE1BAD 000038 (v01 BOCHS  BXPC     00000001 BXPC 00000001)
[    0.011331] ACPI: WAET 0x00000000BFFE1BE5 000028 (v01 BOCHS  BXPC     00000001 BXPC 00000001)
[    0.011335] ACPI: Reserving FACP table memory at [mem 0xbffe1aa9-0xbffe1b1c]
[    0.011336] ACPI: Reserving DSDT table memory at [mem 0xbffe0040-0xbffe1aa8]
[    0.011338] ACPI: Reserving FACS table memory at [mem 0xbffe0000-0xbffe003f]
[    0.011339] ACPI: Reserving APIC table memory at [mem 0xbffe1b1d-0xbffe1bac]
[    0.011340] ACPI: Reserving HPET table memory at [mem 0xbffe1bad-0xbffe1be4]
[    0.011341] ACPI: Reserving WAET table memory at [mem 0xbffe1be5-0xbffe1c0c]
[    0.011685] No NUMA configuration found
[    0.011687] Faking a node at [mem 0x0000000000000000-0x000000013fffffff]
[    0.011701] NODE_DATA(0) allocated [mem 0x13ffd4000-0x13fffdfff]
[    0.012006] Zone ranges:
[    0.012007]   DMA      [mem 0x0000000000001000-0x0000000000ffffff]
[    0.012009]   DMA32    [mem 0x0000000001000000-0x00000000ffffffff]
[    0.012011]   Normal   [mem 0x0000000100000000-0x000000013fffffff]
[    0.012013]   Device   empty
[    0.012014] Movable zone start for each node
[    0.012017] Early memory node ranges
[    0.012018]   node   0: [mem 0x0000000000001000-0x000000000009efff]
[    0.012019]   node   0: [mem 0x0000000000100000-0x00000000bffd4fff]
[    0.012021]   node   0: [mem 0x0000000100000000-0x000000013fffffff]
[    0.012023] Initmem setup node 0 [mem 0x0000000000001000-0x000000013fffffff]
[    0.012540] On node 0, zone DMA: 1 pages in unavailable ranges
[    0.012569] On node 0, zone DMA: 97 pages in unavailable ranges
[    0.034851] On node 0, zone Normal: 43 pages in unavailable ranges
[    0.035273] ACPI: PM-Timer IO Port: 0x608
[    0.035307] ACPI: LAPIC_NMI (acpi_id[0xff] dfl dfl lint[0x1])
[    0.035362] IOAPIC[0]: apic_id 0, version 17, address 0xfec00000, GSI 0-23
[    0.035366] ACPI: INT_SRC_OVR (bus 0 bus_irq 0 global_irq 2 dfl dfl)
[    0.035368] ACPI: INT_SRC_OVR (bus 0 bus_irq 5 global_irq 5 high level)
[    0.035369] ACPI: INT_SRC_OVR (bus 0 bus_irq 9 global_irq 9 high level)
[    0.035374] ACPI: INT_SRC_OVR (bus 0 bus_irq 10 global_irq 10 high level)
[    0.035375] ACPI: INT_SRC_OVR (bus 0 bus_irq 11 global_irq 11 high level)
[    0.035380] ACPI: Using ACPI (MADT) for SMP configuration information
[    0.035382] ACPI: HPET id: 0x8086a201 base: 0xfed00000
[    0.035387] TSC deadline timer available
[    0.035389] smpboot: Allowing 4 CPUs, 0 hotplug CPUs
[    0.035411] kvm-guest: KVM setup pv remote TLB flush
[    0.035414] kvm-guest: setup PV sched yield
[    0.035431] PM: hibernation: Registered nosave memory: [mem 0x00000000-0x00000fff]
[    0.035434] PM: hibernation: Registered nosave memory: [mem 0x0009f000-0x0009ffff]
[    0.035435] PM: hibernation: Registered nosave memory: [mem 0x000a0000-0x000effff]
[    0.035436] PM: hibernation: Registered nosave memory: [mem 0x000f0000-0x000fffff]
[    0.035438] PM: hibernation: Registered nosave memory: [mem 0xbffd5000-0xbfffffff]
[    0.035439] PM: hibernation: Registered nosave memory: [mem 0xc0000000-0xfeffbfff]
[    0.035440] PM: hibernation: Registered nosave memory: [mem 0xfeffc000-0xfeffffff]
[    0.035441] PM: hibernation: Registered nosave memory: [mem 0xff000000-0xfffbffff]
[    0.035443] PM: hibernation: Registered nosave memory: [mem 0xfffc0000-0xffffffff]
[    0.035445] [mem 0xc0000000-0xfeffbfff] available for PCI devices
[    0.035446] Booting paravirtualized kernel on KVM
[    0.035455] clocksource: refined-jiffies: mask: 0xffffffff max_cycles: 0xffffffff, max_idle_ns: 7645519600211568 ns
[    0.035467] setup_percpu: NR_CPUS:8192 nr_cpumask_bits:4 nr_cpu_ids:4 nr_node_ids:1
[    0.036160] percpu: Embedded 61 pages/cpu s212992 r8192 d28672 u524288
[    0.036170] pcpu-alloc: s212992 r8192 d28672 u524288 alloc=1*2097152
[    0.036172] pcpu-alloc: [0] 0 1 2 3 
[    0.036212] kvm-guest: setup async PF for cpu 0
[    0.036216] kvm-guest: stealtime: cpu 0, msr 13bc33080
[    0.036219] kvm-guest: PV spinlocks enabled
[    0.036223] PV qspinlock hash table entries: 256 (order: 0, 4096 bytes, linear)
[    0.036235] Built 1 zonelists, mobility grouping on.  Total pages: 1031893
[    0.036237] Policy zone: Normal
[    0.036238] Kernel command line: BOOT_IMAGE=/boot/vmlinuz-5.15.0-89-generic root=UUID=66add23f-3d34-46f1-a540-ebfdd268827e ro ip=dhcp console=ttyS0,115200 console=tty console=ttyS0 text
[    0.036324] Unknown kernel command line parameters "text BOOT_IMAGE=/boot/vmlinuz-5.15.0-89-generic ip=dhcp", will be passed to user space.
[    0.037515] Dentry cache hash table entries: 524288 (order: 10, 4194304 bytes, linear)
[    0.038131] Inode-cache hash table entries: 262144 (order: 9, 2097152 bytes, linear)
[    0.038230] mem auto-init: stack:off, heap alloc:on, heap free:off
[    0.072618] Memory: 3889200K/4193740K available (16393K kernel code, 4393K rwdata, 10872K rodata, 3356K init, 18716K bss, 304280K reserved, 0K cma-reserved)
[    0.072902] SLUB: HWalign=64, Order=0-3, MinObjects=0, CPUs=4, Nodes=1
[    0.072923] Kernel/User page tables isolation: enabled
[    0.072964] ftrace: allocating 50664 entries in 198 pages
[    0.098067] ftrace: allocated 198 pages with 4 groups
[    0.098782] rcu: Hierarchical RCU implementation.
[    0.098784] rcu: 	RCU restricting CPUs from NR_CPUS=8192 to nr_cpu_ids=4.
[    0.098786] 	Rude variant of Tasks RCU enabled.
[    0.098786] 	Tracing variant of Tasks RCU enabled.
[    0.098788] rcu: RCU calculated value of scheduler-enlistment delay is 25 jiffies.
[    0.098789] rcu: Adjusting geometry for rcu_fanout_leaf=16, nr_cpu_ids=4
[    0.102661] NR_IRQS: 524544, nr_irqs: 456, preallocated irqs: 16
[    0.102869] random: crng init done
[    0.117048] Console: colour VGA+ 80x25
[    0.154020] printk: console [tty0] enabled
[    0.271246] printk: console [ttyS0] enabled
[    0.272179] ACPI: Core revision 20210730
[    0.273735] clocksource: hpet: mask: 0xffffffff max_cycles: 0xffffffff, max_idle_ns: 19112604467 ns
[    0.275665] APIC: Switch to symmetric I/O mode setup
[    0.276982] x2apic enabled
[    0.277923] Switched APIC routing to physical x2apic.
[    0.278952] kvm-guest: setup PV IPIs
[    0.280970] ..TIMER: vector=0x30 apic1=0 pin1=2 apic2=-1 pin2=-1
[    0.282207] clocksource: tsc-early: mask: 0xffffffffffffffff max_cycles: 0x25632a14f90, max_idle_ns: 440795228339 ns
[    0.284307] Calibrating delay loop (skipped) preset value.. 5187.49 BogoMIPS (lpj=10374992)
[    0.286031] x86/cpu: User Mode Instruction Prevention (UMIP) activated
[    0.287365] Last level iTLB entries: 4KB 0, 2MB 0, 4MB 0
[    0.288304] Last level dTLB entries: 4KB 0, 2MB 0, 4MB 0, 1GB 0
[    0.289482] Spectre V1 : Mitigation: usercopy/swapgs barriers and __user pointer sanitization
[    0.291162] Spectre V2 : Mitigation: Retpolines
[    0.292304] Spectre V2 : Spectre v2 / SpectreRSB mitigation: Filling RSB on context switch
[    0.293952] Spectre V2 : Spectre v2 / SpectreRSB : Filling RSB on VMEXIT
[    0.295265] Spectre V2 : Enabling Restricted Speculation for firmware calls
[    0.296306] Spectre V2 : mitigation: Enabling conditional Indirect Branch Prediction Barrier
[    0.297979] Speculative Store Bypass: Mitigation: Speculative Store Bypass disabled via prctl and seccomp
[    0.300311] MDS: Mitigation: Clear CPU buffers
[    0.301229] MMIO Stale Data: Vulnerable: Clear CPU buffers attempted, no microcode
[    0.302785] x86/fpu: Supporting XSAVE feature 0x001: 'x87 floating point registers'
[    0.304304] x86/fpu: Supporting XSAVE feature 0x002: 'SSE registers'
[    0.305543] x86/fpu: Supporting XSAVE feature 0x004: 'AVX registers'
[    0.306787] x86/fpu: xstate_offset[2]:  576, xstate_sizes[2]:  256
[    0.308304] x86/fpu: Enabled xstate features 0x7, context size is 832 bytes, using 'standard' format.
[    0.331452] Freeing SMP alternatives memory: 44K
[    0.332305] pid_max: default: 32768 minimum: 301
[    0.333295] LSM: Security Framework initializing
[    0.334292] landlock: Up and running.
[    0.335080] Yama: becoming mindful.
[    0.335861] AppArmor: AppArmor initialized
[    0.336366] Mount-cache hash table entries: 8192 (order: 4, 65536 bytes, linear)
[    0.337879] Mountpoint-cache hash table entries: 8192 (order: 4, 65536 bytes, linear)
[    0.340555] smpboot: CPU0: Intel(R) Xeon(R) CPU E5-2660 v3 @ 2.60GHz (family: 0x6, model: 0x3f, stepping: 0x2)
[    0.342666] Performance Events: Haswell events, full-width counters, Intel PMU driver.
[    0.344302] ... version:                2
[    0.344307] ... bit width:              48
[    0.348243] ... generic registers:      4
[    0.348305] ... value mask:             0000ffffffffffff
[    0.352306] ... max period:             00007fffffffffff
[    0.353409] ... fixed-purpose events:   3
[    0.354259] ... event mask:             000000070000000f
[    0.355489] signal: max sigframe size: 1776
[    0.356374] rcu: Hierarchical SRCU implementation.
[    0.357940] smp: Bringing up secondary CPUs ...
[    0.359036] x86: Booting SMP configuration:
[    0.359921] .... node  #0, CPUs:      #1
[    0.173441] kvm-clock: cpu 1, msr 8d001041, secondary cpu clock
[    0.361342] kvm-guest: setup async PF for cpu 1
[    0.364302] kvm-guest: stealtime: cpu 1, msr 13bcb3080
[    0.368478]  #2
[    0.173441] kvm-clock: cpu 2, msr 8d001081, secondary cpu clock
[    0.369686] kvm-guest: setup async PF for cpu 2
[    0.372302] kvm-guest: stealtime: cpu 2, msr 13bd33080
[    0.376986]  #3
[    0.173441] kvm-clock: cpu 3, msr 8d0010c1, secondary cpu clock
[    0.378192] kvm-guest: setup async PF for cpu 3
[    0.380302] kvm-guest: stealtime: cpu 3, msr 13bdb3080
[    0.384425] smp: Brought up 1 node, 4 CPUs
[    0.388309] smpboot: Max logical packages: 1
[    0.389194] smpboot: Total of 4 processors activated (20749.98 BogoMIPS)
[    0.391179] devtmpfs: initialized
[    0.391179] x86/mm: Memory block size: 128MB
[    0.392722] clocksource: jiffies: mask: 0xffffffff max_cycles: 0xffffffff, max_idle_ns: 7645041785100000 ns
[    0.394286] futex hash table entries: 1024 (order: 4, 65536 bytes, linear)
[    0.395701] pinctrl core: initialized pinctrl subsystem
[    0.396467] PM: RTC time: 23:22:04, date: 2023-12-02
[    0.397734] NET: Registered PF_NETLINK/PF_ROUTE protocol family
[    0.399132] DMA: preallocated 512 KiB GFP_KERNEL pool for atomic allocations
[    0.400655] DMA: preallocated 512 KiB GFP_KERNEL|GFP_DMA pool for atomic allocations
[    0.402610] DMA: preallocated 512 KiB GFP_KERNEL|GFP_DMA32 pool for atomic allocations
[    0.404216] audit: initializing netlink subsys (disabled)
[    0.404407] audit: type=2000 audit(1701559325.062:1): state=initialized audit_enabled=0 res=1
[    0.404454] thermal_sys: Registered thermal governor 'fair_share'
[    0.408307] thermal_sys: Registered thermal governor 'bang_bang'
[    0.409516] thermal_sys: Registered thermal governor 'step_wise'
[    0.410686] thermal_sys: Registered thermal governor 'user_space'
[    0.411857] thermal_sys: Registered thermal governor 'power_allocator'
[    0.412321] EISA bus registered
[    0.414312] cpuidle: using governor ladder
[    0.415178] cpuidle: using governor menu
[    0.416170] ACPI: bus type PCI registered
[    0.416306] acpiphp: ACPI Hot Plug PCI Controller Driver version: 0.5
[    0.417747] PCI: Using configuration type 1 for base access
[    0.418893] core: PMU erratum BJ122, BV98, HSD29 workaround disabled, HT off
[    0.422203] kprobes: kprobe jump-optimization is enabled. All kprobes are optimized if possible.
[    0.424397] HugeTLB registered 1.00 GiB page size, pre-allocated 0 pages
[    0.425636] HugeTLB registered 2.00 MiB page size, pre-allocated 0 pages
[    0.428391] ACPI: Added _OSI(Module Device)
[    0.429286] ACPI: Added _OSI(Processor Device)
[    0.430211] ACPI: Added _OSI(3.0 _SCP Extensions)
[    0.432310] ACPI: Added _OSI(Processor Aggregator Device)
[    0.433405] ACPI: Added _OSI(Linux-Dell-Video)
[    0.434317] ACPI: Added _OSI(Linux-Lenovo-NV-HDMI-Audio)
[    0.435379] ACPI: Added _OSI(Linux-HPI-Hybrid-Graphics)
[    0.437276] ACPI: 1 ACPI AML tables successfully acquired and loaded
[    0.439713] ACPI: Interpreter enabled
[    0.440325] ACPI: PM: (supports S0 S3 S4 S5)
[    0.441213] ACPI: Using IOAPIC for interrupt routing
[    0.442242] PCI: Using host bridge windows from ACPI; if necessary, use "pci=nocrs" and report a bug
[    0.444061] PCI: Using E820 reservations for host bridge windows
[    0.444422] ACPI: Enabled 2 GPEs in block 00 to 0F
[    0.448052] ACPI: PCI Root Bridge [PCI0] (domain 0000 [bus 00-ff])
[    0.448314] acpi PNP0A03:00: _OSC: OS supports [ASPM ClockPM Segments MSI EDR HPX-Type3]
[    0.449973] acpi PNP0A03:00: fail to add MMCONFIG information, can't access extended PCI configuration space under this bridge.
[    0.452442] acpiphp: Slot [3] registered
[    0.453321] acpiphp: Slot [4] registered
[    0.454188] acpiphp: Slot [5] registered
[    0.455032] acpiphp: Slot [6] registered
[    0.455896] acpiphp: Slot [7] registered
[    0.456327] acpiphp: Slot [8] registered
[    0.457182] acpiphp: Slot [9] registered
[    0.458057] acpiphp: Slot [10] registered
[    0.458918] acpiphp: Slot [11] registered
[    0.459777] acpiphp: Slot [12] registered
[    0.460328] acpiphp: Slot [13] registered
[    0.461195] acpiphp: Slot [14] registered
[    0.462083] acpiphp: Slot [15] registered
[    0.462943] acpiphp: Slot [16] registered
[    0.463800] acpiphp: Slot [17] registered
[    0.464337] acpiphp: Slot [18] registered
[    0.465203] acpiphp: Slot [19] registered
[    0.466085] acpiphp: Slot [20] registered
[    0.466970] acpiphp: Slot [21] registered
[    0.467875] acpiphp: Slot [22] registered
[    0.468326] acpiphp: Slot [23] registered
[    0.469205] acpiphp: Slot [24] registered
[    0.470072] acpiphp: Slot [25] registered
[    0.470964] acpiphp: Slot [26] registered
[    0.471856] acpiphp: Slot [27] registered
[    0.472325] acpiphp: Slot [28] registered
[    0.473190] acpiphp: Slot [29] registered
[    0.474065] acpiphp: Slot [30] registered
[    0.474927] acpiphp: Slot [31] registered
[    0.475802] PCI host bridge to bus 0000:00
[    0.476308] pci_bus 0000:00: root bus resource [bus 00-ff]
[    0.477423] pci_bus 0000:00: root bus resource [io  0x0000-0x0cf7 window]
[    0.478740] pci_bus 0000:00: root bus resource [io  0x0d00-0xffff window]
[    0.480076] pci_bus 0000:00: root bus resource [mem 0x000a0000-0x000bffff window]
[    0.480305] pci_bus 0000:00: root bus resource [mem 0xc0000000-0xfebfffff window]
[    0.481820] pci_bus 0000:00: root bus resource [mem 0x140000000-0x1bfffffff window]
[    0.483514] pci 0000:00:00.0: [8086:1237] type 00 class 0x060000
[    0.485095] pci 0000:00:01.0: [8086:7000] type 00 class 0x060100
[    0.486969] pci 0000:00:01.1: [8086:7010] type 00 class 0x010180
[    0.490744] pci 0000:00:01.1: reg 0x20: [io  0xc060-0xc06f]
[    0.492964] pci 0000:00:01.1: legacy IDE quirk: reg 0x10: [io  0x01f0-0x01f7]
[    0.494890] pci 0000:00:01.1: legacy IDE quirk: reg 0x14: [io  0x03f6]
[    0.496195] pci 0000:00:01.1: legacy IDE quirk: reg 0x18: [io  0x0170-0x0177]
[    0.496306] pci 0000:00:01.1: legacy IDE quirk: reg 0x1c: [io  0x0376]
[    0.497904] pci 0000:00:01.3: [8086:7113] type 00 class 0x068000
[    0.499576] pci 0000:00:01.3: quirk: [io  0x0600-0x063f] claimed by PIIX4 ACPI
[    0.500314] pci 0000:00:01.3: quirk: [io  0x0700-0x070f] claimed by PIIX4 SMB
[    0.502223] pci 0000:00:02.0: [1234:1111] type 00 class 0x030000
[    0.504884] pci 0000:00:02.0: reg 0x10: [mem 0xfd000000-0xfdffffff pref]
[    0.508338] pci 0000:00:02.0: reg 0x18: [mem 0xfebd2000-0xfebd2fff]
[    0.514187] pci 0000:00:02.0: reg 0x30: [mem 0xfebc0000-0xfebcffff pref]
[    0.515664] pci 0000:00:02.0: Video device with shadowed ROM at [mem 0x000c0000-0x000dffff]
[    0.516986] pci 0000:00:03.0: [1af4:1000] type 00 class 0x020000
[    0.520094] pci 0000:00:03.0: reg 0x10: [io  0xc040-0xc05f]
[    0.521198] pci 0000:00:03.0: reg 0x14: [mem 0xfebd3000-0xfebd3fff]
[    0.526848] pci 0000:00:03.0: reg 0x20: [mem 0xfe000000-0xfe003fff 64bit pref]
[    0.529254] pci 0000:00:03.0: reg 0x30: [mem 0xfeb80000-0xfebbffff pref]
[    0.532249] pci 0000:00:04.0: [1af4:1004] type 00 class 0x010000
[    0.533525] pci 0000:00:04.0: reg 0x10: [io  0xc000-0xc03f]
[    0.535756] pci 0000:00:04.0: reg 0x14: [mem 0xfebd4000-0xfebd4fff]
[    0.539552] pci 0000:00:04.0: reg 0x20: [mem 0xfe004000-0xfe007fff 64bit pref]
[    0.542928] pci 0000:00:05.0: [1d1d:1f1f] type 00 class 0x010802
[    0.544670] pci 0000:00:05.0: reg 0x10: [mem 0xfebd0000-0xfebd1fff 64bit]
[    0.548583] pci 0000:00:05.0: reg 0x20: [mem 0xfebd5000-0xfebd5fff]
[    0.558184] ACPI: PCI: Interrupt link LNKA configured for IRQ 10
[    0.559559] ACPI: PCI: Interrupt link LNKB configured for IRQ 10
[    0.560433] ACPI: PCI: Interrupt link LNKC configured for IRQ 11
[    0.561775] ACPI: PCI: Interrupt link LNKD configured for IRQ 11
[    0.563060] ACPI: PCI: Interrupt link LNKS configured for IRQ 9
[    0.564811] iommu: Default domain type: Translated 
[    0.565328] iommu: DMA domain TLB invalidation policy: lazy mode 
[    0.566800] SCSI subsystem initialized
[    0.568328] libata version 3.00 loaded.
[    0.568403] pci 0000:00:02.0: vgaarb: setting as boot VGA device
[    0.569532] pci 0000:00:02.0: vgaarb: VGA device added: decodes=io+mem,owns=io+mem,locks=none
[    0.571238] pci 0000:00:02.0: vgaarb: bridge control possible
[    0.572308] vgaarb: loaded
[    0.573016] ACPI: bus type USB registered
[    0.574020] usbcore: registered new interface driver usbfs
[    0.575307] usbcore: registered new interface driver hub
[    0.576314] usbcore: registered new device driver usb
[    0.577538] pps_core: LinuxPPS API ver. 1 registered
[    0.578683] pps_core: Software ver. 5.3.6 - Copyright 2005-2007 Rodolfo Giometti <giometti@linux.it>
[    0.580309] PTP clock support registered
[    0.581297] EDAC MC: Ver: 3.0.0
[    0.581297] NetLabel: Initializing
[    0.581390] NetLabel:  domain hash size = 128
[    0.584306] NetLabel:  protocols = UNLABELED CIPSOv4 CALIPSO
[    0.585606] NetLabel:  unlabeled traffic allowed by default
[    0.586892] PCI: Using ACPI for IRQ routing
[    0.586892] PCI: pci_cache_line_size set to 64 bytes
[    0.586892] e820: reserve RAM buffer [mem 0x0009fc00-0x0009ffff]
[    0.586892] e820: reserve RAM buffer [mem 0xbffd5000-0xbfffffff]
[    0.590219] hpet0: at MMIO 0xfed00000, IRQs 2, 8, 0
[    0.591431] hpet0: 3 comparators, 64-bit 100.000000 MHz counter
[    0.595536] clocksource: Switched to clocksource kvm-clock
[    0.606394] VFS: Disk quotas dquot_6.6.0
[    0.607427] VFS: Dquot-cache hash table entries: 512 (order 0, 4096 bytes)
[    0.609145] AppArmor: AppArmor Filesystem Enabled
[    0.610306] pnp: PnP ACPI init
[    0.611247] pnp 00:02: [dma 2]
[    0.611521] pnp: PnP ACPI: found 6 devices
[    0.619892] clocksource: acpi_pm: mask: 0xffffff max_cycles: 0xffffff, max_idle_ns: 2085701024 ns
[    0.622010] NET: Registered PF_INET protocol family
[    0.633127] IP idents hash table entries: 65536 (order: 7, 524288 bytes, linear)
[    0.636114] tcp_listen_portaddr_hash hash table entries: 2048 (order: 3, 32768 bytes, linear)
[    0.638125] Table-perturb hash table entries: 65536 (order: 6, 262144 bytes, linear)
[    0.639978] TCP established hash table entries: 32768 (order: 6, 262144 bytes, linear)
[    0.641826] TCP bind hash table entries: 32768 (order: 7, 524288 bytes, linear)
[    0.643489] TCP: Hash tables configured (established 32768 bind 32768)
[    0.644991] MPTCP token hash table entries: 4096 (order: 4, 98304 bytes, linear)
[    0.646510] UDP hash table entries: 2048 (order: 4, 65536 bytes, linear)
[    0.647830] UDP-Lite hash table entries: 2048 (order: 4, 65536 bytes, linear)
[    0.649257] NET: Registered PF_UNIX/PF_LOCAL protocol family
[    0.650407] NET: Registered PF_XDP protocol family
[    0.651420] pci_bus 0000:00: resource 4 [io  0x0000-0x0cf7 window]
[    0.652667] pci_bus 0000:00: resource 5 [io  0x0d00-0xffff window]
[    0.653911] pci_bus 0000:00: resource 6 [mem 0x000a0000-0x000bffff window]
[    0.655378] pci_bus 0000:00: resource 7 [mem 0xc0000000-0xfebfffff window]
[    0.656926] pci_bus 0000:00: resource 8 [mem 0x140000000-0x1bfffffff window]
[    0.658608] pci 0000:00:01.0: PIIX3: Enabling Passive Release
[    0.659974] pci 0000:00:00.0: Limiting direct PCI/PCI transfers
[    0.661373] pci 0000:00:01.0: Activating ISA DMA hang workarounds
[    0.662883] PCI: CLS 0 bytes, default 64
[    0.663870] PCI-DMA: Using software bounce buffering for IO (SWIOTLB)
[    0.664055] Trying to unpack rootfs image as initramfs...
[    0.665371] software IO TLB: mapped [mem 0x00000000bbfd5000-0x00000000bffd5000] (64MB)
[    0.669884] clocksource: tsc: mask: 0xffffffffffffffff max_cycles: 0x25632a14f90, max_idle_ns: 440795228339 ns
[    0.672932] Initialise system trusted keyrings
[    0.674023] Key type blacklist registered
[    0.675226] workingset: timestamp_bits=36 max_order=20 bucket_order=0
[    0.677826] zbud: loaded
[    0.678785] squashfs: version 4.0 (2009/01/31) Phillip Lougher
[    0.680465] fuse: init (API version 7.34)
[    0.681738] integrity: Platform Keyring initialized
[    0.692709] Key type asymmetric registered
[    0.693753] Asymmetric key parser 'x509' registered
[    0.694923] Block layer SCSI generic (bsg) driver version 0.4 loaded (major 243)
[    0.696850] io scheduler mq-deadline registered
[    0.698219] shpchp: Standard Hot Plug PCI Controller Driver version: 0.4
[    0.699960] input: Power Button as /devices/LNXSYSTM:00/LNXPWRBN:00/input/input0
[    0.701759] ACPI: button: Power Button [PWRF]
[    0.725098] ACPI: \_SB_.LNKC: Enabled at IRQ 11
[    0.748766] ACPI: \_SB_.LNKD: Enabled at IRQ 10
[    0.751077] Serial: 8250/16550 driver, 32 ports, IRQ sharing enabled
[    0.778206] 00:04: ttyS0 at I/O 0x3f8 (irq = 4, base_baud = 115200) is a 16550A
[    0.781974] Linux agpgart interface v0.103
[    0.785637] loop: module loaded
[    0.786622] ata_piix 0000:00:01.1: version 2.13
[    0.787534] scsi host0: ata_piix
[    0.788626] scsi host1: ata_piix
[    0.789483] ata1: PATA max MWDMA2 cmd 0x1f0 ctl 0x3f6 bmdma 0xc060 irq 14
[    0.790994] ata2: PATA max MWDMA2 cmd 0x170 ctl 0x376 bmdma 0xc068 irq 15
[    0.792702] tun: Universal TUN/TAP device driver, 1.6
[    0.794085] PPP generic driver version 2.4.2
[    0.795264] VFIO - User Level meta-driver version: 0.3
[    0.796733] ehci_hcd: USB 2.0 'Enhanced' Host Controller (EHCI) Driver
[    0.798226] ehci-pci: EHCI PCI platform driver
[    0.799307] ehci-platform: EHCI generic platform driver
[    0.800550] ohci_hcd: USB 1.1 'Open' Host Controller (OHCI) Driver
[    0.801973] ohci-pci: OHCI PCI platform driver
[    0.803029] ohci-platform: OHCI generic platform driver
[    0.804258] uhci_hcd: USB Universal Host Controller Interface driver
[    0.805758] i8042: PNP: PS/2 Controller [PNP0303:KBD,PNP0f13:MOU] at 0x60,0x64 irq 1,12
[    0.808347] serio: i8042 KBD port at 0x60,0x64 irq 1
[    0.809554] serio: i8042 AUX port at 0x60,0x64 irq 12
[    0.810928] mousedev: PS/2 mouse device common for all mice
[    0.812595] rtc_cmos 00:05: RTC can wake from S4
[    0.814286] input: AT Translated Set 2 keyboard as /devices/platform/i8042/serio0/input/input1
[    0.816593] rtc_cmos 00:05: registered as rtc0
[    0.817728] rtc_cmos 00:05: setting system clock to 2023-12-02T23:22:04 UTC (1701559324)
[    0.819675] rtc_cmos 00:05: alarms up to one day, y3k, 242 bytes nvram, hpet irqs
[    0.821467] i2c_dev: i2c /dev entries driver
[    0.822586] device-mapper: core: CONFIG_IMA_DISABLE_HTABLE is disabled. Duplicate IMA measurements will not be recorded in the IMA log.
[    0.825299] device-mapper: uevent: version 1.0.3
[    0.826580] device-mapper: ioctl: 4.45.0-ioctl (2021-03-22) initialised: dm-devel@redhat.com
[    0.828622] platform eisa.0: Probing EISA bus 0
[    0.829722] platform eisa.0: EISA: Cannot allocate resource for mainboard
[    0.831266] platform eisa.0: Cannot allocate resource for EISA slot 1
[    0.832751] platform eisa.0: Cannot allocate resource for EISA slot 2
[    0.834203] platform eisa.0: Cannot allocate resource for EISA slot 3
[    0.835676] platform eisa.0: Cannot allocate resource for EISA slot 4
[    0.837103] platform eisa.0: Cannot allocate resource for EISA slot 5
[    0.838530] platform eisa.0: Cannot allocate resource for EISA slot 6
[    0.840037] platform eisa.0: Cannot allocate resource for EISA slot 7
[    0.841493] platform eisa.0: Cannot allocate resource for EISA slot 8
[    0.842998] platform eisa.0: EISA: Detected 0 cards
[    0.844185] intel_pstate: CPU model not supported
[    0.845529] ledtrig-cpu: registered to indicate activity on CPUs
[    0.846993] drop_monitor: Initializing network drop monitor service
[    0.848538] NET: Registered PF_INET6 protocol family
[    1.456858] Freeing initrd memory: 107020K
[    1.468782] Segment Routing with IPv6
[    1.470769] In-situ OAM (IOAM) with IPv6
[    1.472828] NET: Registered PF_PACKET protocol family
[    1.475387] Key type dns_resolver registered
[    1.478241] IPI shorthand broadcast: enabled
[    1.480409] sched_clock: Marking stable (1308654272, 169441903)->(1519852584, -41756409)
[    1.484619] registered taskstats version 1
[    1.487039] Loading compiled-in X.509 certificates
[    1.491084] Loaded X.509 cert 'Build time autogenerated kernel key: 43535b41bee7baef4dcd04ce7b743a4c448dfa7c'
[    1.497116] Loaded X.509 cert 'Canonical Ltd. Live Patch Signing: 14df34d1a87cf37625abec039ef2bf521249b969'
[    1.503074] Loaded X.509 cert 'Canonical Ltd. Kernel Module Signing: 88f752e560a1e0737e31163a466ad7b70a850c19'
[    1.507729] blacklist: Loading compiled-in revocation X.509 certificates
[    1.510885] Loaded X.509 cert 'Canonical Ltd. Secure Boot Signing: 61482aa2830d0ab2ad5af10b7250da9033ddcef0'
[    1.515196] Loaded X.509 cert 'Canonical Ltd. Secure Boot Signing (2017): 242ade75ac4a15e50d50c84b0d45ff3eae707a03'
[    1.519352] Loaded X.509 cert 'Canonical Ltd. Secure Boot Signing (ESM 2018): 365188c1d374d6b07c3c8f240f8ef722433d6a8b'
[    1.523335] Loaded X.509 cert 'Canonical Ltd. Secure Boot Signing (2019): c0746fd6c5da3ae827864651ad66ae47fe24b3e8'
[    1.526991] Loaded X.509 cert 'Canonical Ltd. Secure Boot Signing (2021 v1): a8d54bbb3825cfb94fa13c9f8a594a195c107b8d'
[    1.530535] Loaded X.509 cert 'Canonical Ltd. Secure Boot Signing (2021 v2): 4cf046892d6fd3c9a5b03f98d845f90851dc6a8c'
[    1.533940] Loaded X.509 cert 'Canonical Ltd. Secure Boot Signing (2021 v3): 100437bb6de6e469b581e61cd66bce3ef4ed53af'
[    1.537198] Loaded X.509 cert 'Canonical Ltd. Secure Boot Signing (Ubuntu Core 2019): c1d57b8f6b743f23ee41f4f7ee292f06eecadfb9'
[    1.540797] zswap: loaded using pool lzo/zbud
[    1.542655] Key type .fscrypt registered
[    1.543880] Key type fscrypt-provisioning registered
[    1.549082] Key type encrypted registered
[    1.550244] AppArmor: AppArmor sha1 policy hashing enabled
[    1.551699] ima: No TPM chip found, activating TPM-bypass!
[    1.553146] Loading compiled-in module X.509 certificates
[    1.555388] Loaded X.509 cert 'Build time autogenerated kernel key: 43535b41bee7baef4dcd04ce7b743a4c448dfa7c'
[    1.557953] ima: Allocated hash algorithm: sha1
[    1.559210] ima: No architecture policies found
[    1.560480] evm: Initialising EVM extended attributes:
[    1.561865] evm: security.selinux
[    1.562820] evm: security.SMACK64
[    1.563779] evm: security.SMACK64EXEC
[    1.564820] evm: security.SMACK64TRANSMUTE
[    1.565961] evm: security.SMACK64MMAP
[    1.566993] evm: security.apparmor
[    1.567980] evm: security.ima
[    1.568873] evm: security.capability
[    1.569895] evm: HMAC attrs: 0x1
[    1.571300] PM:   Magic number: 3:451:402
[    1.572876] RAS: Correctable Errors collector initialized.
[    1.576537] Freeing unused decrypted memory: 2036K
[    1.579707] Freeing unused kernel image (initmem) memory: 3356K
[    1.597644] Write protecting the kernel read-only data: 30720k
[    1.601601] Freeing unused kernel image (text/rodata gap) memory: 2036K
[    1.604268] Freeing unused kernel image (rodata/data gap) memory: 1416K
[    1.665979] x86/mm: Checked W+X mappings: passed, no W+X pages found.
[    1.667435] x86/mm: Checking user space page tables
[    1.720078] x86/mm: Checked W+X mappings: passed, no W+X pages found.
[    1.721579] Run /init as init process
[    1.722450]   with arguments:
[    1.722452]     /init
[    1.722453]     text
[    1.722454]   with environment:
[    1.722455]     HOME=/
[    1.722456]     TERM=linux
[    1.722457]     BOOT_IMAGE=/boot/vmlinuz-5.15.0-89-generic
[    1.722458]     ip=dhcp
[    1.849132] piix4_smbus 0000:00:01.3: SMBus Host Controller at 0x700, revision 0
[    1.849515] Floppy drive(s): fd0 is 2.88M AMI BIOS
[    1.862861] input: VirtualPS/2 VMware VMMouse as /devices/platform/i8042/serio1/input/input4
[    1.870158] FDC 0 is a S82078B
[    1.873314] input: VirtualPS/2 VMware VMMouse as /devices/platform/i8042/serio1/input/input3
[    1.880148] nvme nvme0: pci function 0000:00:05.0
[    1.901410] scsi host2: Virtio SCSI HBA
[    1.905244] scsi 2:0:0:0: Direct-Access     QEMU     QEMU HARDDISK    2.5+ PQ: 0 ANSI: 5
[    1.931970] ACPI: \_SB_.LNKA: Enabled at IRQ 10
[    1.936107] cryptd: max_cpu_qlen set to 1000
[    1.946675] nvme nvme0: 4/0/0 default/read/poll queues
[    1.955976] sd 2:0:0:0: Attached scsi generic sg0 type 0
[    1.956082] sd 2:0:0:0: Power-on or device reset occurred
[    1.959270] sd 2:0:0:0: [sda] 167772160 512-byte logical blocks: (85.9 GB/80.0 GiB)
[    1.961427] sd 2:0:0:0: [sda] Write Protect is off
[    1.962770] sd 2:0:0:0: [sda] Mode Sense: 63 00 00 08
[    1.962902] sd 2:0:0:0: [sda] Write cache: enabled, read cache: enabled, doesn't support DPO or FUA
[    1.989844]  sda: sda1 sda2
[    1.991341] sd 2:0:0:0: [sda] Attached SCSI disk
[    1.994257] virtio_net virtio0 ens3: renamed from eth0
[    1.999473] AVX2 version of gcm_enc/dec engaged.
[    2.002356] AES CTR mode by8 optimization enabled
[    2.034645] bochs-drm 0000:00:02.0: vgaarb: deactivate vga console
[    2.050006] Console: switching to colour dummy device 80x25
[    2.051571] [drm] Found bochs VGA, ID 0xb0c5.
[    2.052614] [drm] Framebuffer size 16384 kB @ 0xfd000000, mmio @ 0xfebd2000.
[    2.056115] [drm] Found EDID data blob.
[    2.057120] [drm] Initialized bochs-drm 1.0.0 20130925 for 0000:00:02.0 on minor 0
[    2.061302] fbcon: bochs-drmdrmfb (fb0) is primary device
[    2.065353] Console: switching to colour frame buffer device 160x50
[    2.071708] bochs-drm 0000:00:02.0: [drm] fb0: bochs-drmdrmfb frame buffer device
[    2.469487] raid6: avx2x4   gen() 18489 MB/s
[    2.537505] raid6: avx2x4   xor()  8682 MB/s
[    2.605509] raid6: avx2x2   gen() 23941 MB/s
[    2.673481] raid6: avx2x2   xor() 14810 MB/s
[    2.741500] raid6: avx2x1   gen() 22277 MB/s
[    2.809483] raid6: avx2x1   xor() 13112 MB/s
[    2.877483] raid6: sse2x4   gen() 13642 MB/s
[    2.945485] raid6: sse2x4   xor()  7727 MB/s
[    3.013483] raid6: sse2x2   gen() 12984 MB/s
[    3.081482] raid6: sse2x2   xor()  8496 MB/s
[    3.149482] raid6: sse2x1   gen() 11418 MB/s
[    3.217484] raid6: sse2x1   xor()  8150 MB/s
[    3.218322] raid6: using algorithm avx2x2 gen() 23941 MB/s
[    3.219297] raid6: .... xor() 14810 MB/s, rmw enabled
[    3.220207] raid6: using avx2x2 recovery algorithm
[    3.222376] xor: automatically using best checksumming function   avx       
[    3.224715] async_tx: api initialized (async)
[    3.335016] Btrfs loaded, crc32c=crc32c-intel, zoned=yes, fsverity=yes
[    3.365606] floppy0: disk absent or changed during operation
[    3.366819] blk_update_request: I/O error, dev fd0, sector 0 op 0x0:(READ) flags 0x80700 phys_seg 1 prio class 0
[    3.369010] floppy0: disk absent or changed during operation
[    3.370146] blk_update_request: I/O error, dev fd0, sector 0 op 0x0:(READ) flags 0x0 phys_seg 1 prio class 0
[    3.372061] Buffer I/O error on dev fd0, logical block 0, async page read
[    4.049865] EXT4-fs (sda2): mounted filesystem with ordered data mode. Opts: (null). Quota mode: none.
[    5.070482] systemd[1]: Inserted module 'autofs4'
[    5.175730] systemd[1]: systemd 249.11-0ubuntu3.11 running in system mode (+PAM +AUDIT +SELINUX +APPARMOR +IMA +SMACK +SECCOMP +GCRYPT +GNUTLS +OPENSSL +ACL +BLKID +CURL +ELFUTILS +FIDO2 +IDN2 -IDN +IPTC +KMOD +LIBCRYPTSETUP +LIBFDISK +PCRE2 -PWQUALITY -P11KIT -QRENCODE +BZIP2 +LZ4 +XZ +ZLIB +ZSTD -XKBCOMMON +UTMP +SYSVINIT default-hierarchy=unified)
[    5.191676] systemd[1]: Detected virtualization kvm.
[    5.195325] systemd[1]: Detected architecture x86-64.
[    5.225084] systemd[1]: Hostname set to <fvm>.
[    6.516738] systemd[1]: Queued start job for default target Graphical Interface.
[    6.543817] systemd[1]: Created slice Slice /system/modprobe.
[    6.551132] systemd[1]: Created slice Slice /system/serial-getty.
[    6.558360] systemd[1]: Created slice User and Session Slice.
[    6.564493] systemd[1]: Started Forward Password Requests to Wall Directory Watch.
[    6.571794] systemd[1]: Set up automount Arbitrary Executable File Formats File System Automount Point.
[    6.579554] systemd[1]: Reached target Slice Units.
[    6.584834] systemd[1]: Reached target Mounting snaps.
[    6.590929] systemd[1]: Reached target Local Verity Protected Volumes.
[    6.597980] systemd[1]: Listening on Device-mapper event daemon FIFOs.
[    6.605106] systemd[1]: Listening on LVM2 poll daemon socket.
[    6.611762] systemd[1]: Listening on multipathd control socket.
[    6.617781] systemd[1]: Listening on Syslog Socket.
[    6.622686] systemd[1]: Listening on initctl Compatibility Named Pipe.
[    6.633807] systemd[1]: Listening on Journal Audit Socket.
[    6.638380] systemd[1]: Listening on Journal Socket (/dev/log).
[    6.643101] systemd[1]: Listening on Journal Socket.
[    6.647258] systemd[1]: Listening on Network Service Netlink Socket.
[    6.653218] systemd[1]: Listening on udev Control Socket.
[    6.659017] systemd[1]: Listening on udev Kernel Socket.
[    6.683093] systemd[1]: Mounting Huge Pages File System...
[    6.691038] systemd[1]: Mounting POSIX Message Queue File System...
[    6.699271] systemd[1]: Mounting Kernel Debug File System...
[    6.707025] systemd[1]: Mounting Kernel Trace File System...
[    6.716703] systemd[1]: Starting Journal Service...
[    6.724671] systemd[1]: Starting Set the console keyboard layout...
[    6.733500] systemd[1]: Starting Create List of Static Device Nodes...
[    6.742900] systemd[1]: Starting Monitoring of LVM2 mirrors, snapshots etc. using dmeventd or progress polling...
[    6.751452] systemd[1]: Condition check resulted in LXD - agent being skipped.
[    6.757887] systemd[1]: Starting Load Kernel Module configfs...
[    6.765720] systemd[1]: Starting Load Kernel Module drm...
[    6.772642] systemd[1]: Starting Load Kernel Module efi_pstore...
[    6.779846] systemd[1]: Starting Load Kernel Module fuse...
[    6.785129] systemd[1]: Condition check resulted in OpenVSwitch configuration for cleanup being skipped.
[    6.792530] systemd[1]: Starting Load Kernel Modules...
[    6.799076] systemd[1]: Starting Remount Root and Kernel File Systems...
[    6.807025] systemd[1]: Starting Coldplug All udev Devices...
[    6.814438] systemd[1]: Mounted Huge Pages File System.
[    6.819721] systemd[1]: Mounted POSIX Message Queue File System.
[    6.824753] systemd[1]: Mounted Kernel Debug File System.
[    6.829112] systemd[1]: Mounted Kernel Trace File System.
[    6.833813] systemd[1]: Finished Create List of Static Device Nodes.
[    6.838585] systemd[1]: modprobe@configfs.service: Deactivated successfully.
[    6.842389] systemd[1]: Finished Load Kernel Module configfs.
[    6.846919] systemd[1]: modprobe@drm.service: Deactivated successfully.
[    6.850305] systemd[1]: Finished Load Kernel Module drm.
[    6.854362] systemd[1]: modprobe@fuse.service: Deactivated successfully.
[    6.863872] EXT4-fs (sda2): re-mounted. Opts: (null). Quota mode: none.
[    6.873757] systemd[1]: Finished Load Kernel Module fuse.
[    6.880420] systemd[1]: Finished Monitoring of LVM2 mirrors, snapshots etc. using dmeventd or progress polling.
[    6.886583] systemd[1]: modprobe@efi_pstore.service: Deactivated successfully.
[    6.889895] systemd[1]: Finished Load Kernel Module efi_pstore.
[    6.893313] systemd[1]: Finished Load Kernel Modules.
[    6.896080] systemd[1]: Finished Remount Root and Kernel File Systems.
[    6.923762] systemd[1]: Activating swap /swap.img...
[    6.928296] systemd[1]: Mounting FUSE Control File System...
[    6.932796] systemd[1]: Mounting Kernel Configuration File System...
[    6.937360] systemd[1]: Starting Device-Mapper Multipath Device Controller...
[    6.941133] systemd[1]: Condition check resulted in Platform Persistent Storage Archival being skipped.
[    6.947403] systemd[1]: Starting Load/Save Random Seed...
[    6.952859] Adding 4029436k swap on /swap.img.  Priority:-2 extents:5 across:4307964k FS
[    6.957157] systemd[1]: Starting Apply Kernel Variables...
[    6.962889] systemd[1]: Starting Create System Users...
[    6.967690] systemd[1]: Activated swap /swap.img.
[    6.972016] systemd[1]: Started Journal Service.
[    6.995216] alua: device handler registered
[    7.000504] emc: device handler registered
[    7.006100] systemd-journald[406]: Received client request to flush runtime journal.
[    7.009129] rdac: device handler registered
[    7.161341] systemd-journald[406]: File /var/log/journal/bb76222ed94742e08cfecbc0a185ccb4/system.journal corrupted or uncleanly shut down, renaming and replacing.
[    7.683700] loop0: detected capacity change from 0 to 112552
[    7.683812] loop1: detected capacity change from 0 to 113992
[    7.700690] loop2: detected capacity change from 0 to 129976
[    7.729716] loop3: detected capacity change from 0 to 145968
[    7.754878] loop4: detected capacity change from 0 to 188072
[    7.757764] loop5: detected capacity change from 0 to 83672
[    8.365078] RAPL PMU: API unit is 2^-32 Joules, 0 fixed counters, 10737418240 ms ovfl timer
[    8.379662] parport_pc 00:03: reported by Plug and Play ACPI
[    8.379867] parport0: PC-style at 0x378, irq 7 [PCSPP,TRISTATE]
[    8.383713] audit: type=1400 audit(1701559332.060:2): apparmor="STATUS" operation="profile_load" profile="unconfined" name="/usr/bin/man" pid=511 comm="apparmor_parser"
[    8.383720] audit: type=1400 audit(1701559332.060:3): apparmor="STATUS" operation="profile_load" profile="unconfined" name="man_filter" pid=511 comm="apparmor_parser"
[    8.383723] audit: type=1400 audit(1701559332.060:4): apparmor="STATUS" operation="profile_load" profile="unconfined" name="man_groff" pid=511 comm="apparmor_parser"
[    8.383858] audit: type=1400 audit(1701559332.060:5): apparmor="STATUS" operation="profile_load" profile="unconfined" name="nvidia_modprobe" pid=509 comm="apparmor_parser"
[    8.383861] audit: type=1400 audit(1701559332.060:6): apparmor="STATUS" operation="profile_load" profile="unconfined" name="nvidia_modprobe//kmod" pid=509 comm="apparmor_parser"
[    8.391431] audit: type=1400 audit(1701559332.068:7): apparmor="STATUS" operation="profile_load" profile="unconfined" name="lsb_release" pid=508 comm="apparmor_parser"
[    8.443020] audit: type=1400 audit(1701559332.120:8): apparmor="STATUS" operation="profile_load" profile="unconfined" name="/usr/lib/snapd/snap-confine" pid=521 comm="apparmor_parser"
[    8.443025] audit: type=1400 audit(1701559332.120:9): apparmor="STATUS" operation="profile_load" profile="unconfined" name="/usr/lib/snapd/snap-confine//mount-namespace-capture-helper" pid=521 comm="apparmor_parser"
[    8.503051] ppdev: user-space parallel port driver
[    8.613828] audit: type=1400 audit(1701559332.292:10): apparmor="STATUS" operation="profile_load" profile="unconfined" name="/usr/lib/NetworkManager/nm-dhcp-client.action" pid=510 comm="apparmor_parser"
[    8.613839] audit: type=1400 audit(1701559332.292:11): apparmor="STATUS" operation="profile_load" profile="unconfined" name="/usr/lib/NetworkManager/nm-dhcp-helper" pid=510 comm="apparmor_parser"
[   18.936725] loop6: detected capacity change from 0 to 8
[   21.691532] systemd-journald[406]: File /var/log/journal/bb76222ed94742e08cfecbc0a185ccb4/user-1000.journal corrupted or uncleanly shut down, renaming and replacing.
[  139.567166] ko5204: loading out-of-tree module taints kernel.
[  139.567502] ko5204: module verification failed: signature and/or required key missing - tainting kernel
[  139.568417] ko5204 driver loaded; /proc/5204 interface exposed
[  148.696284] 5204log,7fffb7d89010,132694010,2397
[  173.123852] 5204log,7fffb7d89010,129dc9010,5652
[  173.817843] 5204log,7fffb7d89010,1230c2010,2312
[  174.513213] 5204log,7fffb7d89010,12e0ee010,2299
[  175.160837] 5204log,7fffb7d89010,130ef0010,2157
[  175.758991] 5204log,7fffb7d89010,12ead8010,2475
[  176.342928] 5204log,7fffb7d89010,129dce010,2245
[  177.018917] 5204log,7fffb7d89010,1166de010,1906
[  177.668626] 5204log,7fffb7d89010,135263010,2751
[  178.253989] 5204log,7fffb7d89010,11669e010,2035
[  178.877870] 5204log,7fffb7d89010,132bc2010,2249
[  179.575576] 5204log,7fffb7d89010,116f46010,2321
[  180.238369] 5204log,7fffb7d89010,134dc4010,2878
[  180.815765] 5204log,7fffb7d89010,115a54010,2484
[  181.495594] 5204log,7fffb7d89010,134a5d010,2418
[  182.072469] 5204log,7fffb7d89010,12e85d010,2539
[  182.685837] 5204log,7fffb7d89010,134df4010,2051
[  183.384156] 5204log,7fffb7d89010,129fcc010,2107
[  183.994237] 5204log,7fffb7d89010,135b99010,1734
[  184.711318] 5204log,7fffb7d89010,12c544010,3609
[  185.293703] 5204log,7fffb7d89010,1163b6010,2347
[  185.871155] 5204log,7fffb7d89010,1146a7010,2235
[  186.454708] 5204log,7fffb7d89010,132600010,1735
[  187.039260] 5204log,7fffb7d89010,112abd010,2596
[  187.617030] 5204log,7fffb7d89010,135bc8010,1927
[  188.202661] 5204log,7fffb7d89010,111acd010,2144
[  188.780875] 5204log,7fffb7d89010,135fd0010,6132
[  189.365433] 5204log,7fffb7d89010,110b87010,2237
[  189.949620] 5204log,7fffb7d89010,13668b010,2398
[  190.535265] 5204log,7fffb7d89010,12fd78010,2487
[  191.115079] 5204log,7fffb7d89010,136b4d010,6526
[  191.703996] 5204log,7fffb7d89010,12dc3a010,2549
[  192.285212] 5204log,7fffb7d89010,1356ba010,2308
[  192.869194] 5204log,7fffb7d89010,10ba51010,2020
[  193.469560] 5204log,7fffb7d89010,1300f0010,2668
[  194.056008] 5204log,7fffb7d89010,136396010,2152
[  194.641793] 5204log,7fffb7d89010,1377ad010,1702
[  195.220052] 5204log,7fffb7d89010,135d9f010,2168
[  195.802980] 5204log,7fffb7d89010,135d4c010,2104
[  196.390936] 5204log,7fffb7d89010,135f79010,2743
[  196.966980] 5204log,7fffb7d89010,137f96010,1903
[  197.553990] 5204log,7fffb7d89010,131db5010,2376
[  198.237662] 5204log,7fffb7d89010,137f9f010,1979
[  198.909426] 5204log,7fffb7d89010,13838f010,2243
[  199.590526] 5204log,7fffb7d89010,138387010,2405
[  200.234601] 5204log,7fffb7d89010,115f04010,1929
[  200.913434] 5204log,7fffb7d89010,138391010,1910
[  201.586066] 5204log,7fffb7d89010,136611010,2201
[  202.291804] 5204log,7fffb7d89010,12c588010,1793
[  202.945912] 5204log,7fffb7d89010,13660b010,2108
[  203.630741] 5204log,7fffb7d89010,109aee010,2640
[  204.273345] 5204log,7fffb7d89010,135d9a010,2189
[  204.898133] 5204log,7fffb7d89010,135dc9010,2038
[  205.524696] 5204log,7fffb7d89010,135dee010,2201
[  206.149939] 5204log,7fffb7d89010,109b65010,2457
[  206.770098] 5204log,7fffb7d89010,12fde9010,5658
[  207.494508] 5204log,7fffb7d89010,11423d010,2422
[  208.118813] 5204log,7fffb7d89010,12d78b010,1689
[  208.813580] 5204log,7fffb7d89010,13377e010,6128
[  209.516000] 5204log,7fffb7d89010,12e639010,1747
[  210.198922] 5204log,7fffb7d89010,12b50c010,1804
[  210.901978] 5204log,7fffb7d89010,1312a3010,2336
[  211.610371] 5204log,7fffb7d89010,135d87010,2038
[  212.300828] 5204log,7fffb7d89010,1372e8010,2366
[  212.980743] 5204log,7fffb7d89010,12c542010,1791
[  213.702014] 5204log,7fffb7d89010,114264010,1961
[  214.289603] 5204log,7fffb7d89010,130f2d010,2163
[  214.874868] 5204log,7fffb7d89010,13634d010,2293
[  215.503219] 5204log,7fffb7d89010,12e697010,2546
[  216.086980] 5204log,7fffb7d89010,11428c010,1795
[  216.785076] 5204log,7fffb7d89010,12c77a010,1952
[  217.413629] 5204log,7fffb7d89010,132187010,2138
[  218.061362] 5204log,7fffb7d89010,136fe7010,2172
[  218.709245] 5204log,7fffb7d89010,12e6b2010,2320
[  219.335939] 5204log,7fffb7d89010,12b27c010,2577
[  220.014664] 5204log,7fffb7d89010,12e278010,2198
[  220.640352] 5204log,7fffb7d89010,1371e4010,2234
[  221.231366] 5204log,7fffb7d89010,1137af010,2286
[  221.908236] 5204log,7fffb7d89010,1365a0010,2725
[  222.587273] 5204log,7fffb7d89010,1372f5010,2228
[  223.302782] 5204log,7fffb7d89010,12e505010,1957
[  224.024320] 5204log,7fffb7d89010,12ca09010,2075
[  224.708626] 5204log,7fffb7d89010,12e6bc010,6297
[  225.292960] 5204log,7fffb7d89010,12c588010,2092
[  226.019289] 5204log,7fffb7d89010,12ec37010,2253
[  226.729838] 5204log,7fffb7d89010,110a37010,9409
[  227.392331] 5204log,7fffb7d89010,12ebb2010,2557
[  228.076078] 5204log,7fffb7d89010,12ebef010,4738
[  228.753373] 5204log,7fffb7d89010,12a046010,2018
[  229.420015] 5204log,7fffb7d89010,112ad9010,2019
[  230.101734] 5204log,7fffb7d89010,12e405010,2148
[  230.813815] 5204log,7fffb7d89010,111a53010,1984
[  231.441356] 5204log,7fffb7d89010,12ebe1010,2619
[  232.145051] 5204log,7fffb7d89010,1332dd010,2159
[  232.825343] 5204log,7fffb7d89010,1312e0010,2186
[  233.445118] 5204log,7fffb7d89010,12acd5010,1861
[  234.151178] 5204log,7fffb7d89010,130fd9010,1991
[  234.832229] 5204log,7fffb7d89010,12dcba010,2394
[  235.515681] 5204log,7fffb7d89010,132733010,2045
[  236.198383] 5204log,7fffb7d89010,137ffe010,2250
[  236.877302] 5204log,7fffb7d89010,11373a010,2347
[  237.505646] 5204log,7fffb7d89010,1311ec010,1906
[  238.158651] 5204log,7fffb7d89010,1136db010,2024
[  238.853870] 5204log,7fffb7d89010,12e05e010,1683
[  239.572527] 5204log,7fffb7d89010,109763010,1944
[  240.160696] 5204log,7fffb7d89010,10e358010,2004
[  240.842664] 5204log,7fffb7d89010,12e336010,2260
[  241.565324] 5204log,7fffb7d89010,109765010,1863
[  242.154894] 5204log,7fffb7d89010,12c957010,2285
[  242.744458] 5204log,7fffb7d89010,12dcba010,6122
[  243.331657] 5204log,7fffb7d89010,110b56010,2628
[  243.918338] 5204log,7fffb7d89010,12ebeb010,2191
[  244.646663] 5204log,7fffb7d89010,12f0a2010,16555
[  245.275776] 5204log,7fffb7d89010,1377b2010,1931
[  245.862630] 5204log,7fffb7d89010,12e031010,2250
[  246.450550] 5204log,7fffb7d89010,12d901010,2236
[  247.106309] 5204log,7fffb7d89010,132586010,1755
[  247.801016] 5204log,7fffb7d89010,12bc93010,2295
[  248.422922] 5204log,7fffb7d89010,12c019010,1735
[  249.063676] 5204log,7fffb7d89010,12df8d010,1736
[  249.648448] 5204log,7fffb7d89010,10d25d010,1844
[  250.233264] 5204log,7fffb7d89010,12e4f0010,2017
[  250.851782] 5204log,7fffb7d89010,12dc37010,1597
[  251.436629] 5204log,7fffb7d89010,1311ec010,2440
[  252.020871] 5204log,7fffb7d89010,10d24e010,2058
[  252.727208] 5204log,7fffb7d89010,1367f0010,2406
[  253.318547] 5204log,7fffb7d89010,1301dd010,1913
[  254.038107] 5204log,7fffb7d89010,12e5ec010,2713
[  254.744931] 5204log,7fffb7d89010,12eda8010,2360
[  255.365794] 5204log,7fffb7d89010,12e57d010,1662
[  255.983634] 5204log,7fffb7d89010,1365c1010,2005
[  256.568832] 5204log,7fffb7d89010,1377b2010,2292
[  257.208600] 5204log,7fffb7d89010,12e169010,1975
[  257.785838] 5204log,7fffb7d89010,12c16d010,1906
[  258.464529] 5204log,7fffb7d89010,1086a0010,2429
[  259.147196] 5204log,7fffb7d89010,1086da010,2658
[  259.830423] 5204log,7fffb7d89010,107fbd010,2130
[  260.530103] 5204log,7fffb7d89010,12f18b010,4787
[  261.211878] 5204log,7fffb7d89010,12e4d5010,2199
[  261.797757] 5204log,7fffb7d89010,12ae94010,2390
[  262.515064] 5204log,7fffb7d89010,1093f1010,11036
[  263.132893] 5204log,7fffb7d89010,10bdf7010,2834
[  263.782241] 5204log,7fffb7d89010,132606010,1962
[  264.489228] 5204log,7fffb7d89010,1299e9010,2279
[  265.099000] 5204log,7fffb7d89010,12dcab010,2375
[  265.729479] 5204log,7fffb7d89010,130977010,1915
[  266.436258] 5204log,7fffb7d89010,1093f7010,2481
[  267.030399] 5204log,7fffb7d89010,12ebfa010,1859
[  267.732189] 5204log,7fffb7d89010,12e37a010,2498
[  268.319165] 5204log,7fffb7d89010,12b61e010,1891
[  268.947179] 5204log,7fffb7d89010,12e65a010,2655
[  269.578301] 5204log,7fffb7d89010,12ec09010,2460
[  270.166048] 5204log,7fffb7d89010,12df58010,2768
[  270.846936] 5204log,7fffb7d89010,12dd2c010,2199
[  271.562730] 5204log,7fffb7d89010,130f7d010,2034
[  272.269566] 5204log,7fffb7d89010,1092ff010,2195
[  272.961634] 5204log,7fffb7d89010,12bd8e010,2266
[  273.684929] 5204log,7fffb7d89010,12c008010,1701
[  274.330842] 5204log,7fffb7d89010,12dd70010,2028
[  274.954609] 5204log,7fffb7d89010,12b417010,2025
[  275.671753] 5204log,7fffb7d89010,12c51c010,1990
[  276.347308] 5204log,7fffb7d89010,107f85010,2012
[  277.028859] 5204log,7fffb7d89010,107f76010,2011
[  277.735368] 5204log,7fffb7d89010,12db90010,2467
[  278.420103] 5204log,7fffb7d89010,12ee28010,5685
[  278.999719] 5204log,7fffb7d89010,136a85010,1797
[  279.585285] 5204log,7fffb7d89010,1365b6010,2260
[  280.304341] 5204log,7fffb7d89010,12e4d2010,1651
[  280.986769] 5204log,7fffb7d89010,10bfbd010,5912
[  281.625279] 5204log,7fffb7d89010,130865010,5155
[  282.209534] 5204log,7fffb7d89010,131129010,1868
[  282.836046] 5204log,7fffb7d89010,10c7be010,1787
[  283.543553] 5204log,7fffb7d89010,12e20b010,2208
[  284.217793] 5204log,7fffb7d89010,111bb7010,1895
[  284.919418] 5204log,7fffb7d89010,134943010,2007
[  285.594570] 5204log,7fffb7d89010,108355010,1798
[  286.295652] 5204log,7fffb7d89010,130865010,2403
[  286.875813] 5204log,7fffb7d89010,138bcf010,2486
[  287.563552] 5204log,7fffb7d89010,12e7b2010,1714
[  288.242295] 5204log,7fffb7d89010,108373010,2064
[  288.959761] 5204log,7fffb7d89010,12f76b010,2250
[  289.545656] 5204log,7fffb7d89010,1373c7010,2604
[  290.133464] 5204log,7fffb7d89010,10c23c010,2090
[  290.818986] 5204log,7fffb7d89010,11f066010,2085
[  291.537568] 5204log,7fffb7d89010,12ec37010,2394
[  292.166426] 5204log,7fffb7d89010,12ef7e010,13400
[  292.832111] 5204log,7fffb7d89010,13100c010,2377
[  293.418128] 5204log,7fffb7d89010,13140b010,1815
[  294.138224] 5204log,7fffb7d89010,131dcf010,2231
[  294.726006] 5204log,7fffb7d89010,12f35f010,2313
[  295.357207] 5204log,7fffb7d89010,108a24010,1813
[  296.079679] 5204log,7fffb7d89010,108b3d010,2787
[  296.766110] 5204log,7fffb7d89010,12fb16010,2010
[  297.444740] 5204log,7fffb7d89010,131dca010,6083
[  298.160865] 5204log,7fffb7d89010,108a55010,1843
[  298.812606] 5204log,7fffb7d89010,108ab5010,1785
[  299.502264] 5204log,7fffb7d89010,108acf010,9083
[  300.136158] 5204log,7fffb7d89010,12e657010,2735
[  300.724074] 5204log,7fffb7d89010,13494f010,2203
[  301.313722] 5204log,7fffb7d89010,107b6b010,2076
[  301.942176] 5204log,7fffb7d89010,12db90010,2267
[  302.587475] 5204log,7fffb7d89010,107ba0010,1845
[  303.277066] 5204log,7fffb7d89010,12fdd6010,2365
[  303.994241] 5204log,7fffb7d89010,138fd4010,2711
[  304.622217] 5204log,7fffb7d89010,12fe84010,2379
[  305.327425] 5204log,7fffb7d89010,138fd5010,2312
[  306.012393] 5204log,7fffb7d89010,108acf010,1858
[  306.687861] 5204log,7fffb7d89010,106f99010,2010
[  307.278589] 5204log,7fffb7d89010,115a78010,1851
[  308.001633] 5204log,7fffb7d89010,12f4e2010,2062
[  308.698158] 5204log,7fffb7d89010,115a2c010,1993
[  309.322338] 5204log,7fffb7d89010,106f86010,2117
[  309.963775] 5204log,7fffb7d89010,115a64010,2524
[  310.549585] 5204log,7fffb7d89010,106fc7010,2186
[  311.235525] 5204log,7fffb7d89010,106fd2010,2248
[  311.856577] 5204log,7fffb7d89010,111ad6010,2495
[  312.540457] 5204log,7fffb7d89010,132787010,2215
[  313.128760] 5204log,7fffb7d89010,10c247010,1621
[  313.849516] 5204log,7fffb7d89010,115acd010,2606
[  314.566868] 5204log,7fffb7d89010,1311ef010,1805
[  315.204295] 5204log,7fffb7d89010,115ac5010,1680
[  315.908634] 5204log,7fffb7d89010,10e2c3010,2603
[  316.499724] 5204log,7fffb7d89010,12f4e2010,7842
[  317.159178] 5204log,7fffb7d89010,12c823010,2183
[  317.735339] 5204log,7fffb7d89010,12eb02010,6142
[  318.370847] 5204log,7fffb7d89010,13239b010,2466
[  319.091974] 5204log,7fffb7d89010,130e9b010,2476
[  319.682432] 5204log,7fffb7d89010,138bc8010,1960
[  320.323628] 5204log,7fffb7d89010,1338c5010,1968
[  320.907359] 5204log,7fffb7d89010,12d93f010,2250
[  321.611787] 5204log,7fffb7d89010,12c99c010,2432
[  322.298859] 5204log,7fffb7d89010,134fde010,2690
[  322.926070] 5204log,7fffb7d89010,12dd9f010,1999
[  323.512096] 5204log,7fffb7d89010,12e3c4010,2044
[  324.097596] 5204log,7fffb7d89010,12f0cd010,1759
[  324.686685] 5204log,7fffb7d89010,12e45f010,2266
[  325.406616] 5204log,7fffb7d89010,12b1a8010,2126
[  326.127626] 5204log,7fffb7d89010,108b6c010,1765
[  326.714570] 5204log,7fffb7d89010,1072b9010,2164
[  327.350708] 5204log,7fffb7d89010,12aff7010,2505
[  327.969430] 5204log,7fffb7d89010,1348eb010,1918
[  328.674097] 5204log,7fffb7d89010,103f2e010,2032
[  329.380141] 5204log,7fffb7d89010,1109d1010,2173
[  330.064642] 5204log,7fffb7d89010,10d2bf010,2308
[  330.742981] 5204log,7fffb7d89010,12cff1010,2774
[  331.424223] 5204log,7fffb7d89010,115bf4010,2434
[  332.005405] 5204log,7fffb7d89010,139329010,2551
[  332.641482] 5204log,7fffb7d89010,1159eb010,1931
[  333.362375] 5204log,7fffb7d89010,115bdf010,6708
[  333.986524] 5204log,7fffb7d89010,12b417010,2455
[  334.691702] 5204log,7fffb7d89010,1159ac010,6582
[  335.367060] 5204log,7fffb7d89010,107b23010,6889
[  335.998135] 5204log,7fffb7d89010,134943010,1950
[  336.686657] 5204log,7fffb7d89010,107b7c010,1793
[  337.393370] 5204log,7fffb7d89010,12d8a6010,1977
[  338.136141] 5204log,7fffb7d89010,107b42010,1865
[  338.721060] 5204log,7fffb7d89010,12e157010,1951
[  339.437495] 5204log,7fffb7d89010,12eb0b010,2357
[  340.025049] 5204log,7fffb7d89010,12f17a010,1868
[  340.650847] 5204log,7fffb7d89010,12c53c010,2241
[  341.277265] 5204log,7fffb7d89010,1041e3010,2006
[  341.862377] 5204log,7fffb7d89010,135d78010,1826
[  342.579533] 5204log,7fffb7d89010,130f6d010,1744
[  343.163129] 5204log,7fffb7d89010,110ae6010,2296
[  343.809161] 5204log,7fffb7d89010,12c02a010,2440
[  344.434183] 5204log,7fffb7d89010,10c140010,2256
[  345.161282] 5204log,7fffb7d89010,12e450010,2263
[  345.883219] 5204log,7fffb7d89010,12e355010,1726
[  346.584436] 5204log,7fffb7d89010,130efc010,2345
[  347.260700] 5204log,7fffb7d89010,12f04c010,2262
[  347.983059] 5204log,7fffb7d89010,133dd6010,13552
[  348.706576] 5204log,7fffb7d89010,12ee28010,1921
[  349.413373] 5204log,7fffb7d89010,135da6010,2439
[  350.114264] 5204log,7fffb7d89010,12ee28010,2174
[  350.840439] 5204log,7fffb7d89010,12c5ba010,2144
[  351.525653] 5204log,7fffb7d89010,129fcc010,6249
[  352.147371] 5204log,7fffb7d89010,12baf7010,2643
[  352.825771] 5204log,7fffb7d89010,12c039010,2435
[  353.414017] 5204log,7fffb7d89010,130049010,10659
[  354.120418] 5204log,7fffb7d89010,12b069010,2392
[  354.803935] 5204log,7fffb7d89010,129e96010,2938
[  355.480157] 5204log,7fffb7d89010,1077c8010,1805
[  356.087488] 5204log,7fffb7d89010,1353d0010,2490
[  356.772278] 5204log,7fffb7d89010,133d43010,2620
[  357.357117] 5204log,7fffb7d89010,107572010,2578
[  358.061266] 5204log,7fffb7d89010,129c00010,1916
[  358.646391] 5204log,7fffb7d89010,12f5c8010,2043
[  359.345315] 5204log,7fffb7d89010,12c281010,2299
[  359.965502] 5204log,7fffb7d89010,12ddc4010,1945
[  360.679281] 5204log,7fffb7d89010,12ae01010,1995
[  361.371980] 5204log,7fffb7d89010,12549e010,2921
[  361.949127] 5204log,7fffb7d89010,12f4a6010,2074
[  362.631563] 5204log,7fffb7d89010,129fd1010,2762
[  363.248892] 5204log,7fffb7d89010,12ebd3010,2299
[  363.831867] 5204log,7fffb7d89010,13290c010,2682
[  364.408462] 5204log,7fffb7d89010,12dc4a010,2762
[  365.083930] 5204log,7fffb7d89010,130f4c010,2451
[  365.673044] 5204log,7fffb7d89010,139dd2010,1972
[  366.261015] 5204log,7fffb7d89010,139f94010,2366
[  366.847047] 5204log,7fffb7d89010,13a3f1010,2571
[  367.571323] 5204log,7fffb7d89010,139dff010,1777
[  368.249576] 5204log,7fffb7d89010,139ffc010,2422
[  368.828551] 5204log,7fffb7d89010,139db5010,2272
[  369.505640] 5204log,7fffb7d89010,13a259010,5370
[  370.222315] 5204log,7fffb7d89010,13a5b8010,2022
[  370.948329] 5204log,7fffb7d89010,13a697010,2215
[  371.522013] 5204log,7fffb7d89010,139faf010,5180
[  372.143958] 5204log,7fffb7d89010,139aa2010,2295
[  372.719275] 5204log,7fffb7d89010,12c7cc010,2278
[  373.295628] 5204log,7fffb7d89010,13a622010,2003
[  374.047945] 5204log,7fffb7d89010,13a623010,2029
[  374.725524] 5204log,7fffb7d89010,1298ec010,2326
[  375.404741] 5204log,7fffb7d89010,13abd1010,2339
[  376.108707] 5204log,7fffb7d89010,13ab55010,2634
[  376.812220] 5204log,7fffb7d89010,1091c5010,2037
[  377.494132] 5204log,7fffb7d89010,131aa3010,1802
[  378.219199] 5204log,7fffb7d89010,10640d010,2148
[  378.941164] 5204log,7fffb7d89010,12c296010,2250
[  379.660839] 5204log,7fffb7d89010,139b03010,2352
[  380.363847] 5204log,7fffb7d89010,139bba010,2409
[  380.938310] 5204log,7fffb7d89010,139977010,1903
[  381.576127] 5204log,7fffb7d89010,12b076010,2332
[  382.149703] 5204log,7fffb7d89010,12bd34010,1783
[  382.872638] 5204log,7fffb7d89010,12f529010,1824
[  383.559973] 5204log,7fffb7d89010,12ae5a010,2407
[  384.134335] 5204log,7fffb7d89010,12ee26010,2017
[  384.855466] 5204log,7fffb7d89010,12e187010,2498
[  385.541790] 5204log,7fffb7d89010,13a355010,1896
[  386.266727] 5204log,7fffb7d89010,13a243010,2156
[  386.862673] 5204log,7fffb7d89010,13a30a010,2293
[  387.501241] 5204log,7fffb7d89010,1336cc010,6601
[  388.202377] 5204log,7fffb7d89010,12e396010,2519
[  388.883912] 5204log,7fffb7d89010,135db2010,2166
[  389.459266] 5204log,7fffb7d89010,130f39010,6444
[  390.154385] 5204log,7fffb7d89010,13a332010,2185
[  390.798186] 5204log,7fffb7d89010,113764010,2052
[  391.524521] 5204log,7fffb7d89010,12c1e5010,2340
[  392.120025] 5204log,7fffb7d89010,13b302010,2258
[  392.694343] 5204log,7fffb7d89010,13b24a010,2040
[  393.411315] 5204log,7fffb7d89010,12b366010,1876
[  394.133431] 5204log,7fffb7d89010,12e639010,2209
[  394.839639] 5204log,7fffb7d89010,129db1010,2076
[  395.513441] 5204log,7fffb7d89010,135378010,2212
[  396.128724] 5204log,7fffb7d89010,1312e0010,2196
[  396.744313] 5204log,7fffb7d89010,1311e6010,1813
[  397.427909] 5204log,7fffb7d89010,13b262010,1974
[  398.103397] 5204log,7fffb7d89010,1298ea010,1667
[  398.677760] 5204log,7fffb7d89010,139a83010,1808
[  399.293611] 5204log,7fffb7d89010,135385010,1644
[  399.910006] 5204log,7fffb7d89010,12c0e7010,2478
[  400.527104] 5204log,7fffb7d89010,12fd78010,2019
[  401.107765] 5204log,7fffb7d89010,12f225010,1967
[  401.791691] 5204log,7fffb7d89010,12a5c2010,1764
[  402.460898] 5204log,7fffb7d89010,107855010,2043
[  403.183224] 5204log,7fffb7d89010,12cbbb010,2203
[  403.903134] 5204log,7fffb7d89010,12b0f9010,2194
[  404.530651] 5204log,7fffb7d89010,1309fb010,2005
[  405.146139] 5204log,7fffb7d89010,12fde9010,5679
[  405.723726] 5204log,7fffb7d89010,12b735010,2116
[  406.401006] 5204log,7fffb7d89010,1075d9010,2163
[  407.017989] 5204log,7fffb7d89010,12c0b6010,2084
[  407.640571] 5204log,7fffb7d89010,13a7a6010,5950
[  408.216815] 5204log,7fffb7d89010,12e2a5010,1933
[  408.905606] 5204log,7fffb7d89010,1109a9010,2722
[  409.479998] 5204log,7fffb7d89010,12eaf7010,2490
[  410.077307] 5204log,7fffb7d89010,113769010,2372
[  410.651127] 5204log,7fffb7d89010,12e9f4010,2721
[  411.372390] 5204log,7fffb7d89010,1314bc010,2355
[  411.951066] 5204log,7fffb7d89010,13a48b010,1798
[  412.667783] 5204log,7fffb7d89010,132a7d010,2364
[  413.338664] 5204log,7fffb7d89010,12bc07010,1853
[  414.014102] 5204log,7fffb7d89010,13a98e010,2478
[  414.587054] 5204log,7fffb7d89010,115a27010,2568
[  415.261124] 5204log,7fffb7d89010,105540010,1689
[  415.890953] 5204log,7fffb7d89010,12a92c010,2345
[  416.508450] 5204log,7fffb7d89010,10917b010,1925
[  417.226599] 5204log,7fffb7d89010,12d8e0010,1651
[  417.951838] 5204log,7fffb7d89010,13a4a5010,2165
[  418.524657] 5204log,7fffb7d89010,12d7c5010,1674
[  419.100647] 5204log,7fffb7d89010,133fb1010,2471
[  419.786890] 5204log,7fffb7d89010,135143010,2210
[  420.511342] 5204log,7fffb7d89010,13513e010,2444
[  421.184396] 5204log,7fffb7d89010,138b60010,1864
[  421.833831] 5204log,7fffb7d89010,138ab4010,1748
[  422.547540] 5204log,7fffb7d89010,138ac0010,2224
[  423.119284] 5204log,7fffb7d89010,12b8b6010,5911
[  423.747196] 5204log,7fffb7d89010,12b366010,1963
[  424.362004] 5204log,7fffb7d89010,138b18010,1986
[  425.060689] 5204log,7fffb7d89010,12e51c010,2190
[  425.646435] 5204log,7fffb7d89010,12b477010,6306
[  426.220087] 5204log,7fffb7d89010,12e068010,2275
[  426.790525] 5204log,7fffb7d89010,12e169010,2176
[  427.426904] 5204log,7fffb7d89010,12e52b010,2510
[  428.167401] 5204log,7fffb7d89010,12ebf0010,1496
[  428.742088] 5204log,7fffb7d89010,12de20010,1933
[  429.449197] 5204log,7fffb7d89010,1356b6010,2664
[  430.065900] 5204log,7fffb7d89010,12af44010,1937
[  430.682532] 5204log,7fffb7d89010,12b063010,1816
[  431.408870] 5204log,7fffb7d89010,130e9f010,2289
[  432.090037] 5204log,7fffb7d89010,12a6ff010,2415
[  432.790427] 5204log,7fffb7d89010,133831010,1911
[  433.403005] 5204log,7fffb7d89010,12e73e010,2497
[  434.123328] 5204log,7fffb7d89010,130e90010,2268
[  434.698833] 5204log,7fffb7d89010,129ffb010,2415
[  435.398770] 5204log,7fffb7d89010,12ae0c010,2568
[  436.102713] 5204log,7fffb7d89010,139884010,2302
[  436.802524] 5204log,7fffb7d89010,12c0d6010,2250
[  437.425552] 5204log,7fffb7d89010,106287010,2121
[  438.042339] 5204log,7fffb7d89010,12c542010,1993
[  438.670164] 5204log,7fffb7d89010,134cf7010,1628
[  439.291643] 5204log,7fffb7d89010,103639010,1603
[  439.974434] 5204log,7fffb7d89010,134d9c010,2240
[  440.591318] 5204log,7fffb7d89010,13a9be010,2118
[  441.273210] 5204log,7fffb7d89010,12c270010,5555
[  441.871413] 5204log,7fffb7d89010,134df1010,2276
[  442.599659] 5204log,7fffb7d89010,12c151010,1904
[  443.286940] 5204log,7fffb7d89010,12af3b010,5586
[  443.997408] 5204log,7fffb7d89010,134d62010,2237
[  444.706997] 5204log,7fffb7d89010,115a6d010,2041
[  445.283491] 5204log,7fffb7d89010,13abec010,2035
[  445.990656] 5204log,7fffb7d89010,139d8f010,2594
[  446.716834] 5204log,7fffb7d89010,108731010,1842
[  447.439151] 5204log,7fffb7d89010,12ae5a010,2271
[  448.162328] 5204log,7fffb7d89010,1315c2010,2517
[  448.878030] 5204log,7fffb7d89010,12b7d4010,2024
[  449.453033] 5204log,7fffb7d89010,138da1010,2533
[  450.134113] 5204log,7fffb7d89010,12e0b5010,2326
[  450.841619] 5204log,7fffb7d89010,12b7ec010,2450
[  451.421177] 5204log,7fffb7d89010,12e3ef010,2201
[  452.133415] 5204log,7fffb7d89010,12e5ea010,2079
[  452.830759] 5204log,7fffb7d89010,12aa1d010,2242
[  453.441730] 5204log,7fffb7d89010,12d57b010,2082
[  454.162994] 5204log,7fffb7d89010,13abf7010,1990
[  454.868610] 5204log,7fffb7d89010,132151010,2180
[  455.555307] 5204log,7fffb7d89010,1045dd010,2070
[  456.274573] 5204log,7fffb7d89010,132709010,2222
[  456.996634] 5204log,7fffb7d89010,1045d6010,1793
[  457.572268] 5204log,7fffb7d89010,107fb9010,1816
[  458.255985] 5204log,7fffb7d89010,12c7a1010,1866
[  458.831142] 5204log,7fffb7d89010,1314bc010,1889
[  459.554730] 5204log,7fffb7d89010,12f18c010,2160
[  460.275607] 5204log,7fffb7d89010,132148010,2123
[  460.854011] 5204log,7fffb7d89010,115b79010,2071
[  461.474272] 5204log,7fffb7d89010,12b8e4010,6714
[  462.180782] 5204log,7fffb7d89010,139aac010,3982
[  462.767059] 5204log,7fffb7d89010,12b50b010,1942
[  463.382556] 5204log,7fffb7d89010,10d25d010,2476
[  464.114795] 5204log,7fffb7d89010,139a87010,1704
[  464.732737] 5204log,7fffb7d89010,110bb3010,2459
[  465.453472] 5204log,7fffb7d89010,139b1a010,2475
[  466.159769] 5204log,7fffb7d89010,139177010,1624
[  466.831703] 5204log,7fffb7d89010,112b4c010,2343
[  467.407963] 5204log,7fffb7d89010,12b735010,2090
[  467.982443] 5204log,7fffb7d89010,112af9010,1760
[  468.664989] 5204log,7fffb7d89010,112b93010,1962
[  469.284909] 5204log,7fffb7d89010,130b83010,2435
[  469.901363] 5204log,7fffb7d89010,10458b010,2462
[  470.536779] 5204log,7fffb7d89010,13104b010,2033
[  471.153383] 5204log,7fffb7d89010,12ccd4010,1960
[  471.765027] 5204log,7fffb7d89010,115aad010,2033
[  472.497155] 5204log,7fffb7d89010,12e69b010,2663
[  473.175370] 5204log,7fffb7d89010,12c043010,13485
[  473.791959] 5204log,7fffb7d89010,12f507010,1914
[  474.367502] 5204log,7fffb7d89010,10794e010,2375
[  474.943357] 5204log,7fffb7d89010,1141ce010,2076
[  475.582694] 5204log,7fffb7d89010,12e182010,1941
[  476.307362] 5204log,7fffb7d89010,1339fc010,2378
[  476.989811] 5204log,7fffb7d89010,12e3c6010,3781
[  477.624061] 5204log,7fffb7d89010,12db45010,1707
[  478.200385] 5204log,7fffb7d89010,1109a5010,1962
[  478.774719] 5204log,7fffb7d89010,1399bc010,1614
[  479.500696] 5204log,7fffb7d89010,12ddc6010,6679
[  480.213975] 5204log,7fffb7d89010,12fde9010,4880
[  480.789906] 5204log,7fffb7d89010,12be33010,1802
[  481.417435] 5204log,7fffb7d89010,10459a010,2607
[  482.077199] 5204log,7fffb7d89010,1399e6010,1764
[  482.696369] 5204log,7fffb7d89010,12e7b2010,1812
[  483.271308] 5204log,7fffb7d89010,12e14a010,1789
[  483.947506] 5204log,7fffb7d89010,130b83010,1708
[  484.520740] 5204log,7fffb7d89010,131aa0010,2037
[  485.202224] 5204log,7fffb7d89010,12da82010,2063
[  485.921266] 5204log,7fffb7d89010,1393ed010,2198
[  486.641557] 5204log,7fffb7d89010,12f39f010,1927
[  487.264599] 5204log,7fffb7d89010,12e0b5010,2269
[  487.954887] 5204log,7fffb7d89010,12e654010,2736
[  488.631188] 5204log,7fffb7d89010,10e121010,1845
[  489.207728] 5204log,7fffb7d89010,121ea7010,1717
[  489.927058] 5204log,7fffb7d89010,134558010,2221
[  490.544017] 5204log,7fffb7d89010,139566010,1910
[  491.121740] 5204log,7fffb7d89010,12b790010,2043
[  491.758443] 5204log,7fffb7d89010,12c2ad010,1956
[  492.479684] 5204log,7fffb7d89010,138578010,2238
[  493.149638] 5204log,7fffb7d89010,1385f5010,1849
[  493.774576] 5204log,7fffb7d89010,138557010,3204
[  494.488246] 5204log,7fffb7d89010,12e488010,2245
[  495.063055] 5204log,7fffb7d89010,130b83010,6009
[  495.770029] 5204log,7fffb7d89010,12e48b010,2733
[  496.485041] 5204log,7fffb7d89010,12e64b010,2374
[  497.113869] 5204log,7fffb7d89010,12dc3d010,4913
[  497.833348] 5204log,7fffb7d89010,12f507010,2955
[  498.539752] 5204log,7fffb7d89010,13100e010,2890
[  499.118883] 5204log,7fffb7d89010,12d0c6010,2418
[  499.840743] 5204log,7fffb7d89010,12b417010,2605
[  500.562392] 5204log,7fffb7d89010,129f9f010,2884
[  501.176095] 5204log,7fffb7d89010,12c281010,2798
[  501.748825] 5204log,7fffb7d89010,12f4ab010,2356
[  502.359379] 5204log,7fffb7d89010,10896d010,2772
[  502.938504] 5204log,7fffb7d89010,110aea010,2408
[  503.656820] 5204log,7fffb7d89010,12b905010,1887
[  504.294195] 5204log,7fffb7d89010,1089e2010,2165
[  504.909125] 5204log,7fffb7d89010,1388a3010,1935
[  505.531719] 5204log,7fffb7d89010,12e66c010,1896
[  506.107656] 5204log,7fffb7d89010,108976010,2041
[  506.789839] 5204log,7fffb7d89010,129da5010,2282
[  507.440491] 5204log,7fffb7d89010,12dd88010,2042
[  508.014900] 5204log,7fffb7d89010,12c60b010,2134
[  508.695365] 5204log,7fffb7d89010,12adb7010,2071
[  509.306984] 5204log,7fffb7d89010,115bd3010,2377
[  510.011406] 5204log,7fffb7d89010,115bdb010,2969
[  510.724514] 5204log,7fffb7d89010,115b60010,1952
[  511.300252] 5204log,7fffb7d89010,131281010,1828
[  511.877471] 5204log,7fffb7d89010,12db90010,1541
[  512.509982] 5204log,7fffb7d89010,133e49010,1862
[  513.215090] 5204log,7fffb7d89010,10627c010,7099
[  513.890961] 5204log,7fffb7d89010,1395b0010,1851
[  514.528407] 5204log,7fffb7d89010,1079e5010,2243
[  515.103992] 5204log,7fffb7d89010,12af3b010,7364
[  515.791911] 5204log,7fffb7d89010,1079fa010,2003
[  516.358660] 5204log,7fffb7d89010,1141b7010,2090
[  516.975181] 5204log,7fffb7d89010,1026d1010,2163
[  517.560379] 5204log,7fffb7d89010,133062010,2483
[  518.131511] 5204log,7fffb7d89010,139b6a010,1755
[  518.701967] 5204log,7fffb7d89010,12a5ab010,2183
[  519.310454] 5204log,7fffb7d89010,12b790010,2858
[  519.926381] 5204log,7fffb7d89010,12ee26010,2494
[  520.540602] 5204log,7fffb7d89010,139b53010,2079
[  521.113477] 5204log,7fffb7d89010,139ac2010,1792
[  521.685810] 5204log,7fffb7d89010,1026c1010,2070
[  522.261949] 5204log,7fffb7d89010,1398e1010,2235
[  522.872200] 5204log,7fffb7d89010,1339fc010,1883
[  523.544079] 5204log,7fffb7d89010,1398db010,2797
[  524.118723] 5204log,7fffb7d89010,102703010,2000
[  524.835570] 5204log,7fffb7d89010,1354c6010,3727
[  525.409423] 5204log,7fffb7d89010,1072be010,3061
[  526.126488] 5204log,7fffb7d89010,1398fc010,2316
[  526.842007] 5204log,7fffb7d89010,139900010,2857
[  527.460451] 5204log,7fffb7d89010,133b11010,2786
[  528.077094] 5204log,7fffb7d89010,139bfc010,1826
[  528.784431] 5204log,7fffb7d89010,1384b8010,2697
[  529.503294] 5204log,7fffb7d89010,107fa2010,1849
[  530.076371] 5204log,7fffb7d89010,10ce46010,1912
[  530.685182] 5204log,7fffb7d89010,1026e8010,2049
[  531.392650] 5204log,7fffb7d89010,13aeaa010,2337
[  532.110754] 5204log,7fffb7d89010,12b13f010,1929
[  532.796133] 5204log,7fffb7d89010,12d8c7010,2403
[  533.409981] 5204log,7fffb7d89010,130b19010,5141
[  534.129519] 5204log,7fffb7d89010,1353bd010,1917
[  534.844750] 5204log,7fffb7d89010,12f8a3010,2137
[  535.461536] 5204log,7fffb7d89010,12ebd9010,2645
[  536.091615] 5204log,7fffb7d89010,12c53c010,1701
[  536.816733] 5204log,7fffb7d89010,13af07010,2353
[  537.512643] 5204log,7fffb7d89010,12b524010,3048
[  538.230494] 5204log,7fffb7d89010,1341bb010,1860
[  538.936179] 5204log,7fffb7d89010,1324f2010,2272
[  539.516761] 5204log,7fffb7d89010,12d9a6010,2091
[  540.090746] 5204log,7fffb7d89010,132621010,2701
[  540.668275] 5204log,7fffb7d89010,12ae5a010,2233
[  541.241619] 5204log,7fffb7d89010,1314bc010,2317
[  541.946470] 5204log,7fffb7d89010,10cfe8010,1952
[  542.523438] 5204log,7fffb7d89010,12adfe010,1838
[  543.138793] 5204log,7fffb7d89010,129fcc010,1863
[  543.817605] 5204log,7fffb7d89010,107fc6010,2524
[  544.529405] 5204log,7fffb7d89010,12ea35010,2596
[  545.255242] 5204log,7fffb7d89010,129fd1010,1797
[  545.974759] 5204log,7fffb7d89010,13150f010,2141
[  546.553328] 5204log,7fffb7d89010,112865010,2311
[  547.276551] 5204log,7fffb7d89010,12af43010,1742
[  547.966751] 5204log,7fffb7d89010,130a40010,2009
[  548.542623] 5204log,7fffb7d89010,10dc50010,2061
[  549.117870] 5204log,7fffb7d89010,10ba21010,5931
[  549.692982] 5204log,7fffb7d89010,13abf4010,2183
[  550.415985] 5204log,7fffb7d89010,112852010,2604
[  551.132481] 5204log,7fffb7d89010,13738e010,9319
[  551.832991] 5204log,7fffb7d89010,1300fe010,2614
[  552.555432] 5204log,7fffb7d89010,12a698010,1967
[  553.131652] 5204log,7fffb7d89010,1393e5010,2277
[  553.775204] 5204log,7fffb7d89010,1329d7010,2515
[  554.479801] 5204log,7fffb7d89010,130e9f010,2512
[  555.195541] 5204log,7fffb7d89010,12e606010,2264
[  555.898916] 5204log,7fffb7d89010,12c075010,2494
[  556.625122] 5204log,7fffb7d89010,105fd3010,2015
[  557.312215] 5204log,7fffb7d89010,105f80010,2167
[  558.036427] 5204log,7fffb7d89010,110a63010,2472
[  558.738659] 5204log,7fffb7d89010,10d25d010,2242
[  559.440283] 5204log,7fffb7d89010,12c5ba010,2634
[  560.158399] 5204log,7fffb7d89010,12ec2c010,2405
[  560.733176] 5204log,7fffb7d89010,105552010,2055
[  561.411451] 5204log,7fffb7d89010,12db90010,2272
[  562.123101] 5204log,7fffb7d89010,12c284010,2281
[  562.699007] 5204log,7fffb7d89010,12eaf1010,1970
[  563.318240] 5204log,7fffb7d89010,12ae5a010,2233
[  563.890964] 5204log,7fffb7d89010,12ad7b010,2028
[  564.466668] 5204log,7fffb7d89010,135188010,2473
[  565.038068] 5204log,7fffb7d89010,1091bc010,2637
[  565.721553] 5204log,7fffb7d89010,12bdfc010,1828
[  566.391815] 5204log,7fffb7d89010,1091a8010,2314
[  567.109002] 5204log,7fffb7d89010,1354dc010,5434
[  567.798438] 5204log,7fffb7d89010,10d25d010,2002
[  568.429803] 5204log,7fffb7d89010,12e143010,1988
[  569.152141] 5204log,7fffb7d89010,10cf9a010,6176
[  569.771495] 5204log,7fffb7d89010,10b7bb010,2125
[  570.390739] 5204log,7fffb7d89010,12b27c010,2200
[  571.078636] 5204log,7fffb7d89010,10b769010,2416
[  571.815392] 5204log,7fffb7d89010,12e31d010,2284
[  572.541228] 5204log,7fffb7d89010,12f655010,1741
[  573.115177] 5204log,7fffb7d89010,10b73c010,2633
[  573.831335] 5204log,7fffb7d89010,10b742010,2167
[  574.438764] 5204log,7fffb7d89010,129fd1010,2412
[  575.008333] 5204log,7fffb7d89010,12b881010,2492
[  575.573934] 5204log,7fffb7d89010,13adf2010,2068
[  576.144233] 5204log,7fffb7d89010,12e657010,2101
[  576.711272] 5204log,7fffb7d89010,12ee08010,2207
[  577.325020] 5204log,7fffb7d89010,12c0d6010,2164
[  577.897742] 5204log,7fffb7d89010,12c043010,2413
[  578.463335] 5204log,7fffb7d89010,12f59b010,2528
[  579.092808] 5204log,7fffb7d89010,11058f010,2144
[  579.665523] 5204log,7fffb7d89010,1324c3010,2683
[  580.230659] 5204log,7fffb7d89010,129e3c010,2002
[  580.875155] 5204log,7fffb7d89010,13a7a6010,1722
[  581.486509] 5204log,7fffb7d89010,12f189010,2011
[  582.102507] 5204log,7fffb7d89010,131505010,1746
[  582.823087] 5204log,7fffb7d89010,10b794010,2326
[  583.433868] 5204log,7fffb7d89010,137bbe010,2241
[  584.055753] 5204log,7fffb7d89010,133879010,2436
[  584.728202] 5204log,7fffb7d89010,12d992010,2012
[  585.303499] 5204log,7fffb7d89010,10ddeb010,6074
[  585.878093] 5204log,7fffb7d89010,111231010,1920
[  586.491012] 5204log,7fffb7d89010,103c57010,2217
[  587.101188] 5204log,7fffb7d89010,12c284010,5656
[  587.714078] 5204log,7fffb7d89010,13a5be010,2380
[  588.325400] 5204log,7fffb7d89010,114040010,3275
[  589.011921] 5204log,7fffb7d89010,10ddfc010,2186
[  589.608434] 5204log,7fffb7d89010,103cde010,1732
[  590.284023] 5204log,7fffb7d89010,12cbbb010,1799
[  590.857082] 5204log,7fffb7d89010,105943010,1852
[  591.561445] 5204log,7fffb7d89010,10f964010,2311
[  592.278158] 5204log,7fffb7d89010,12e3da010,1894
[  592.909497] 5204log,7fffb7d89010,12f17a010,1805
[  593.527346] 5204log,7fffb7d89010,12b7ec010,1877
[  594.209493] 5204log,7fffb7d89010,135da6010,2041
[  594.818564] 5204log,7fffb7d89010,135d4c010,2264
[  595.498736] 5204log,7fffb7d89010,1059f7010,1899
[  596.151163] 5204log,7fffb7d89010,12ba44010,2430
[  596.724878] 5204log,7fffb7d89010,12e51c010,2170
[  597.336257] 5204log,7fffb7d89010,10f9bc010,2203
[  597.911204] 5204log,7fffb7d89010,1059ef010,3081
[  598.478800] 5204log,7fffb7d89010,12dc30010,2153
[  599.052764] 5204log,7fffb7d89010,1112f8010,2571
[  599.666848] 5204log,7fffb7d89010,131e8b010,2678
[  600.239190] 5204log,7fffb7d89010,12aeb8010,2848
[  600.812183] 5204log,7fffb7d89010,12c0fe010,2157
[  601.528135] 5204log,7fffb7d89010,1091e9010,2133
[  602.151269] 5204log,7fffb7d89010,1209cd010,2424
[  602.724501] 5204log,7fffb7d89010,12f516010,2599
[  603.300468] 5204log,7fffb7d89010,12dd38010,6135
[  603.939206] 5204log,7fffb7d89010,104832010,2249
[  604.621603] 5204log,7fffb7d89010,1365a9010,2269
[  605.339507] 5204log,7fffb7d89010,104894010,9545
[  605.914043] 5204log,7fffb7d89010,1049f5010,2438
[  606.527866] 5204log,7fffb7d89010,12e2df010,2174
[  607.105075] 5204log,7fffb7d89010,1049f3010,2232
[  607.759307] 5204log,7fffb7d89010,130f98010,1994
[  608.334508] 5204log,7fffb7d89010,1320f7010,1675
[  608.906710] 5204log,7fffb7d89010,12bd39010,2113
[  609.581610] 5204log,7fffb7d89010,105e29010,2366
[  610.214239] 5204log,7fffb7d89010,12fb16010,2060
[  610.779274] 5204log,7fffb7d89010,130fa1010,2092
[  611.351993] 5204log,7fffb7d89010,112915010,2007
[  611.925659] 5204log,7fffb7d89010,105fe4010,2500
[  612.498188] 5204log,7fffb7d89010,105e36010,1979
[  613.069303] 5204log,7fffb7d89010,110597010,2264
[  613.744735] 5204log,7fffb7d89010,11054d010,1627
[  614.349070] 5204log,7fffb7d89010,12d1b0010,1923
[  615.034987] 5204log,7fffb7d89010,110587010,2021
[  615.599190] 5204log,7fffb7d89010,105fee010,2097
[  616.169961] 5204log,7fffb7d89010,12b0f9010,2624
[  616.737582] 5204log,7fffb7d89010,131e8f010,2231
[  617.312343] 5204log,7fffb7d89010,12dcf4010,2003
[  617.885068] 5204log,7fffb7d89010,12e150010,2104
[  618.460933] 5204log,7fffb7d89010,1317ef010,2919
[  619.034650] 5204log,7fffb7d89010,12ec2c010,2076
[  619.603299] 5204log,7fffb7d89010,12c652010,2512
[  620.176618] 5204log,7fffb7d89010,12c0b8010,2288
[  620.742779] 5204log,7fffb7d89010,1061dc010,2104
[  621.319001] 5204log,7fffb7d89010,12e4aa010,5466
[  621.892895] 5204log,7fffb7d89010,12ad8f010,2060
[  622.518229] 5204log,7fffb7d89010,1153e5010,2663
[  623.090386] 5204log,7fffb7d89010,12e4a1010,11471
[  623.658544] 5204log,7fffb7d89010,1061d2010,2708
[  624.232111] 5204log,7fffb7d89010,106a1b010,8699
[  624.799445] 5204log,7fffb7d89010,12f32b010,2595
[  625.408426] 5204log,7fffb7d89010,1388ed010,3006
[  626.040614] 5204log,7fffb7d89010,10c27b010,2547
[  626.650351] 5204log,7fffb7d89010,10c339010,2250
[  627.221704] 5204log,7fffb7d89010,12adb4010,3092
[  627.785581] 5204log,7fffb7d89010,10c2fc010,3524
[  628.358052] 5204log,7fffb7d89010,12f7b5010,2431
[  628.924812] 5204log,7fffb7d89010,10c307010,2495
[  629.533577] 5204log,7fffb7d89010,12922c010,2128
[  630.105091] 5204log,7fffb7d89010,10b1bb010,2202
[  630.729317] 5204log,7fffb7d89010,12e6c9010,2255
[  631.412956] 5204log,7fffb7d89010,110e5b010,2068
[  632.047156] 5204log,7fffb7d89010,110e54010,2031
[  632.664418] 5204log,7fffb7d89010,10c317010,2414
[  633.282382] 5204log,7fffb7d89010,12c15e010,2219
[  633.857922] 5204log,7fffb7d89010,13027f010,2047
[  634.433368] 5204log,7fffb7d89010,113985010,2310
[  635.049043] 5204log,7fffb7d89010,115a78010,1795
[  635.772139] 5204log,7fffb7d89010,105f8e010,2138
[  636.385058] 5204log,7fffb7d89010,12eacd010,2031
[  637.000934] 5204log,7fffb7d89010,10c342010,1873
[  637.615660] 5204log,7fffb7d89010,10d9ff010,1751
[  638.227854] 5204log,7fffb7d89010,105f4c010,2041
[  638.856089] 5204log,7fffb7d89010,105f52010,2523
[  639.473953] 5204log,7fffb7d89010,12e32a010,2183
[  640.044885] 5204log,7fffb7d89010,12bafc010,2235
[  640.683727] 5204log,7fffb7d89010,12e15c010,2100
[  641.390533] 5204log,7fffb7d89010,105fb0010,6456
[  642.073021] 5204log,7fffb7d89010,1323a0010,2448
[  642.649740] 5204log,7fffb7d89010,105f8a010,2462
[  643.223132] 5204log,7fffb7d89010,113596010,2403
[  643.972168] 5204log,7fffb7d89010,105f8d010,2406
[  644.700955] 5204log,7fffb7d89010,130f01010,2089
[  645.380754] 5204log,7fffb7d89010,12e2e9010,2123
[  646.086640] 5204log,7fffb7d89010,12b856010,2125
[  646.802352] 5204log,7fffb7d89010,13027f010,2297
[  647.378407] 5204log,7fffb7d89010,12eaf7010,2012
[  648.061252] 5204log,7fffb7d89010,12f35f010,2505
[  648.741606] 5204log,7fffb7d89010,10f465010,1922
[  649.318124] 5204log,7fffb7d89010,10f4c6010,2159
[  649.927703] 5204log,7fffb7d89010,12fdd6010,2366
[  650.651263] 5204log,7fffb7d89010,1371b9010,2347
[  651.225893] 5204log,7fffb7d89010,11122e010,2335
[  651.904943] 5204log,7fffb7d89010,10f4a4010,1921
[  652.581795] 5204log,7fffb7d89010,10f443010,2117
[  653.256948] 5204log,7fffb7d89010,10c981010,2491
[  653.935457] 5204log,7fffb7d89010,10f437010,2002
[  654.508146] 5204log,7fffb7d89010,10c967010,2538
[  655.206408] 5204log,7fffb7d89010,1367fa010,2459
[  655.927558] 5204log,7fffb7d89010,133881010,2466
[  656.653892] 5204log,7fffb7d89010,132a7d010,2261
[  657.229485] 5204log,7fffb7d89010,130fda010,6165
[  657.805527] 5204log,7fffb7d89010,12aa70010,2193
[  658.379068] 5204log,7fffb7d89010,133e47010,2663
[  658.953376] 5204log,7fffb7d89010,138b76010,2323
[  659.640155] 5204log,7fffb7d89010,12e11f010,6199
[  660.353379] 5204log,7fffb7d89010,1164c2010,5934
[  660.933194] 5204log,7fffb7d89010,12c3f6010,1817
[  661.614262] 5204log,7fffb7d89010,104742010,1876
[  662.351251] 5204log,7fffb7d89010,134622010,2032
[  662.994364] 5204log,7fffb7d89010,1148e2010,2291
[  663.570247] 5204log,7fffb7d89010,1081dd010,2236
[  664.255492] 5204log,7fffb7d89010,130e9f010,2183
[  664.968549] 5204log,7fffb7d89010,1343e2010,2128
[  665.543941] 5204log,7fffb7d89010,12db0c010,1979
[  666.241538] 5204log,7fffb7d89010,106f71010,2668
[  666.819994] 5204log,7fffb7d89010,12e6e2010,1881
[  667.522114] 5204log,7fffb7d89010,131c58010,2207
[  668.242189] 5204log,7fffb7d89010,12dc3d010,2076
[  668.968179] 5204log,7fffb7d89010,10d46a010,2206
[  669.544137] 5204log,7fffb7d89010,12c029010,2278
[  670.227268] 5204log,7fffb7d89010,10d4c9010,2103
[  670.840227] 5204log,7fffb7d89010,10d5f7010,2146
[  671.415637] 5204log,7fffb7d89010,10d58c010,1755
[  672.139654] 5204log,7fffb7d89010,10d5a1010,2294
[  672.857514] 5204log,7fffb7d89010,12ce36010,2235
[  673.580410] 5204log,7fffb7d89010,10d54b010,1916
[  674.255051] 5204log,7fffb7d89010,12df9f010,2409
[  674.928678] 5204log,7fffb7d89010,12e4c9010,5848
[  675.602347] 5204log,7fffb7d89010,10f8be010,2195
[  676.317611] 5204log,7fffb7d89010,137c2a010,2458
[  676.892532] 5204log,7fffb7d89010,137c2c010,2312
[  677.571756] 5204log,7fffb7d89010,10b9d7010,5643
[  678.292757] 5204log,7fffb7d89010,12c51c010,2000
[  678.974565] 5204log,7fffb7d89010,10b9b5010,2068
[  679.614239] 5204log,7fffb7d89010,12cb75010,2076
[  680.336416] 5204log,7fffb7d89010,13609d010,2337
[  680.911188] 5204log,7fffb7d89010,138191010,2200
[  681.629163] 5204log,7fffb7d89010,13269b010,1735
[  682.344144] 5204log,7fffb7d89010,10d525010,1969
[  683.022346] 5204log,7fffb7d89010,12dd32010,2019
[  683.740370] 5204log,7fffb7d89010,12c283010,1965
[  684.425795] 5204log,7fffb7d89010,12a5be010,1990
[  685.064645] 5204log,7fffb7d89010,13151b010,2003
[  685.636013] 5204log,7fffb7d89010,12be40010,1823
[  686.207054] 5204log,7fffb7d89010,10228b010,2074
[  686.924019] 5204log,7fffb7d89010,12c542010,1960
[  687.609000] 5204log,7fffb7d89010,1084a6010,2124
[  688.325421] 5204log,7fffb7d89010,12e473010,1828
[  688.938396] 5204log,7fffb7d89010,12dcb5010,1944
[  689.575988] 5204log,7fffb7d89010,12dd88010,2377
[  690.259351] 5204log,7fffb7d89010,12e5e4010,2332
[  690.929973] 5204log,7fffb7d89010,113d95010,2056
[  691.546086] 5204log,7fffb7d89010,137cb9010,2628
[  692.171347] 5204log,7fffb7d89010,1022b4010,2175
[  692.784608] 5204log,7fffb7d89010,13021e010,5814
[  693.357708] 5204log,7fffb7d89010,113dd0010,1804
[  693.971697] 5204log,7fffb7d89010,132b85010,2204
[  694.543868] 5204log,7fffb7d89010,107c36010,1989
[  695.116592] 5204log,7fffb7d89010,108042010,11370
[  695.691232] 5204log,7fffb7d89010,10268f010,1722
[  696.327389] 5204log,7fffb7d89010,136d21010,1887
[  696.901295] 5204log,7fffb7d89010,12e440010,1627
[  697.559255] 5204log,7fffb7d89010,136cce010,2061
[  698.130132] 5204log,7fffb7d89010,10fc6c010,1978
[  698.853738] 5204log,7fffb7d89010,130f1e010,1962
[  699.578874] 5204log,7fffb7d89010,136d45010,2207
[  700.292626] 5204log,7fffb7d89010,133fc4010,1698
[  700.922986] 5204log,7fffb7d89010,12c008010,2014
[  701.542613] 5204log,7fffb7d89010,12c1ed010,1830
[  702.246174] 5204log,7fffb7d89010,12adde010,2799
[  702.958336] 5204log,7fffb7d89010,12ebf0010,1896
[  703.573664] 5204log,7fffb7d89010,129781010,1936
[  704.296671] 5204log,7fffb7d89010,12f314010,2535
[  705.018527] 5204log,7fffb7d89010,12c244010,2016
[  705.739834] 5204log,7fffb7d89010,129847010,1865
[  706.316486] 5204log,7fffb7d89010,130f15010,2129
[  706.924259] 5204log,7fffb7d89010,10f416010,1841
[  707.499805] 5204log,7fffb7d89010,107519010,1718
[  708.073880] 5204log,7fffb7d89010,13811b010,1836
[  708.686980] 5204log,7fffb7d89010,130b73010,1934
[  709.268828] 5204log,7fffb7d89010,1395e7010,1837
[  709.880933] 5204log,7fffb7d89010,12e16b010,2117
[  710.585470] 5204log,7fffb7d89010,12f18c010,2571
[  711.302850] 5204log,7fffb7d89010,129b46010,6425
[  711.945439] 5204log,7fffb7d89010,12ec5f010,2225
[  712.662458] 5204log,7fffb7d89010,130268010,1607
[  713.391566] 5204log,7fffb7d89010,12e450010,8259
[  714.072990] 5204log,7fffb7d89010,115a78010,1841
[  714.761414] 5204log,7fffb7d89010,12ccfd010,2382
[  715.483567] 5204log,7fffb7d89010,12d8c7010,1693
[  716.183355] 5204log,7fffb7d89010,130f4c010,2186
[  716.756748] 5204log,7fffb7d89010,12f59b010,1841
[  717.478470] 5204log,7fffb7d89010,1161ac010,2101
[  718.189249] 5204log,7fffb7d89010,13239b010,2175
[  718.801279] 5204log,7fffb7d89010,132939010,1688
[  719.437514] 5204log,7fffb7d89010,12d56b010,1809
[  720.154440] 5204log,7fffb7d89010,10b752010,2243
[  720.874031] 5204log,7fffb7d89010,139177010,2103
[  721.603119] 5204log,7fffb7d89010,1061e4010,2399
[  722.276972] 5204log,7fffb7d89010,10dcbc010,2047
[  722.997541] 5204log,7fffb7d89010,12812d010,2370
[  723.717924] 5204log,7fffb7d89010,10dc69010,2504
[  724.354958] 5204log,7fffb7d89010,129251010,2128
[  724.927067] 5204log,7fffb7d89010,112798010,2450
[  725.612236] 5204log,7fffb7d89010,12ddaa010,2290
[  726.228929] 5204log,7fffb7d89010,105766010,1819
[  726.950413] 5204log,7fffb7d89010,12b214010,2308
[  727.526317] 5204log,7fffb7d89010,12ddc9010,2164
[  728.142831] 5204log,7fffb7d89010,133879010,1822
[  728.824934] 5204log,7fffb7d89010,12ce80010,3798
[  729.438612] 5204log,7fffb7d89010,12c599010,2082
[  730.069227] 5204log,7fffb7d89010,13147a010,2171
[  730.680427] 5204log,7fffb7d89010,12e973010,1640
[  731.397931] 5204log,7fffb7d89010,113519010,5115
[  732.127091] 5204log,7fffb7d89010,1356b6010,6573
[  732.705990] 5204log,7fffb7d89010,132934010,1958
[  733.414242] 5204log,7fffb7d89010,107433010,2491
[  734.156955] 5204log,7fffb7d89010,12e182010,2176
[  734.880934] 5204log,7fffb7d89010,130f6d010,1908
[  735.607619] 5204log,7fffb7d89010,10c41f010,2394
[  736.183838] 5204log,7fffb7d89010,10c40a010,2433
[  736.792161] 5204log,7fffb7d89010,10c432010,2303
[  737.409617] 5204log,7fffb7d89010,1299e9010,2272
[  738.133167] 5204log,7fffb7d89010,131295010,1839
[  738.864101] 5204log,7fffb7d89010,12e34a010,1685
[  739.585665] 5204log,7fffb7d89010,102274010,1958
[  740.308252] 5204log,7fffb7d89010,12e20b010,2357
[  741.035216] 5204log,7fffb7d89010,12ddb8010,2438
[  741.716366] 5204log,7fffb7d89010,11350c010,2655
[  742.435487] 5204log,7fffb7d89010,1126b5010,2019
[  743.010101] 5204log,7fffb7d89010,103df0010,2259
[  743.731781] 5204log,7fffb7d89010,112754010,1806
[  744.413594] 5204log,7fffb7d89010,128097010,2076
[  745.139328] 5204log,7fffb7d89010,137d07010,2313
[  745.711770] 5204log,7fffb7d89010,133dd6010,1957
[  746.429169] 5204log,7fffb7d89010,12b905010,1888
[  747.116039] 5204log,7fffb7d89010,12e6df010,5410
[  747.841842] 5204log,7fffb7d89010,12c15b010,2411
[  748.416628] 5204log,7fffb7d89010,137ce8010,1892
[  749.122828] 5204log,7fffb7d89010,13413d010,9111
[  749.705938] 5204log,7fffb7d89010,137d26010,2809
[  750.411906] 5204log,7fffb7d89010,130f01010,2141
[  750.989292] 5204log,7fffb7d89010,10b865010,2154
[  751.631931] 5204log,7fffb7d89010,131f31010,2324
[  752.338616] 5204log,7fffb7d89010,12c458010,2408
[  753.021734] 5204log,7fffb7d89010,12c12c010,2234
[  753.747356] 5204log,7fffb7d89010,12c82d010,1842
[  754.323414] 5204log,7fffb7d89010,103b2d010,1963
[  755.008632] 5204log,7fffb7d89010,103b2e010,2342
[  755.683897] 5204log,7fffb7d89010,10c465010,2225
[  756.399417] 5204log,7fffb7d89010,12c826010,1666
[  757.124705] 5204log,7fffb7d89010,12c284010,2306
[  757.851241] 5204log,7fffb7d89010,13147a010,2018
[  758.531024] 5204log,7fffb7d89010,130e7c010,1907
[  759.104206] 5204log,7fffb7d89010,132268010,1806
[  759.718746] 5204log,7fffb7d89010,103df0010,2218
[  760.401355] 5204log,7fffb7d89010,11388d010,2435
[  761.106270] 5204log,7fffb7d89010,12e174010,2651
[  761.789234] 5204log,7fffb7d89010,1138d3010,1972
[  762.508212] 5204log,7fffb7d89010,116596010,2497
[  763.234155] 5204log,7fffb7d89010,112760010,2332
[  763.809527] 5204log,7fffb7d89010,111378010,2141
[  764.453884] 5204log,7fffb7d89010,12e48b010,2038
[  765.027691] 5204log,7fffb7d89010,108d52010,5282
[  765.603130] 5204log,7fffb7d89010,10d134010,1860
[  766.283873] 5204log,7fffb7d89010,10dc31010,1775
[  766.897742] 5204log,7fffb7d89010,10ddb1010,5634
[  767.623073] 5204log,7fffb7d89010,108cec010,2027
[  768.300512] 5204log,7fffb7d89010,12c652010,4739
[  768.874723] 5204log,7fffb7d89010,10dda6010,2030
[  769.578009] 5204log,7fffb7d89010,10dddf010,1802
[  770.157432] 5204log,7fffb7d89010,12cbbb010,2539
[  770.773128] 5204log,7fffb7d89010,12c169010,1999
[  771.398606] 5204log,7fffb7d89010,12e3ef010,1823
[  772.082318] 5204log,7fffb7d89010,10ddf7010,2553
[  772.659266] 5204log,7fffb7d89010,116dcc010,2333
[  773.371460] 5204log,7fffb7d89010,12e5ea010,2371
[  774.087830] 5204log,7fffb7d89010,131736010,1916
[  774.804918] 5204log,7fffb7d89010,12f2c9010,2594
[  775.510227] 5204log,7fffb7d89010,114586010,2187
[  776.191414] 5204log,7fffb7d89010,12d757010,1873
[  776.860920] 5204log,7fffb7d89010,130a4b010,2048
[  777.574484] 5204log,7fffb7d89010,1049f1010,1859
[  778.148863] 5204log,7fffb7d89010,134142010,1779
[  778.869373] 5204log,7fffb7d89010,131b92010,2344
[  779.596063] 5204log,7fffb7d89010,12d901010,2203
[  780.301963] 5204log,7fffb7d89010,10224d010,2751
[  780.990327] 5204log,7fffb7d89010,129840010,2259
[  781.670746] 5204log,7fffb7d89010,11699d010,2779
[  782.352900] 5204log,7fffb7d89010,1381cc010,2173
[  783.077833] 5204log,7fffb7d89010,131281010,5960
[  783.649337] 5204log,7fffb7d89010,1381d2010,2300
[  784.374672] 5204log,7fffb7d89010,10c14c010,2028
[  785.056670] 5204log,7fffb7d89010,12ed3a010,5992
[  785.771293] 5204log,7fffb7d89010,13803f010,2220
[  786.414940] 5204log,7fffb7d89010,115d1f010,2195
[  786.992065] 5204log,7fffb7d89010,136cb2010,2341
[  787.742479] 5204log,7fffb7d89010,133d21010,1771
[  788.317785] 5204log,7fffb7d89010,115d39010,2858
[  788.893605] 5204log,7fffb7d89010,131a6c010,2738
[  789.467531] 5204log,7fffb7d89010,113877010,1967
[  790.172194] 5204log,7fffb7d89010,1381d6010,2199
[  790.883847] 5204log,7fffb7d89010,12eb0b010,1896
[  791.501012] 5204log,7fffb7d89010,12d324010,1813
[  792.136024] 5204log,7fffb7d89010,131189010,1825
[  792.755918] 5204log,7fffb7d89010,1381f5010,1725
[  793.372012] 5204log,7fffb7d89010,131129010,2741
[  794.096342] 5204log,7fffb7d89010,136c24010,1896
[  794.815356] 5204log,7fffb7d89010,11386f010,1979
[  795.530401] 5204log,7fffb7d89010,108ca9010,1577
[  796.218388] 5204log,7fffb7d89010,12e624010,2217
[  796.792923] 5204log,7fffb7d89010,12add8010,2174
[  797.411461] 5204log,7fffb7d89010,1090c3010,1964
[  798.136887] 5204log,7fffb7d89010,12ff57010,1801
[  798.752333] 5204log,7fffb7d89010,12e5e4010,2429
[  799.387793] 5204log,7fffb7d89010,1085d6010,2524
[  800.028351] 5204log,7fffb7d89010,12d257010,1959
[  800.661011] 5204log,7fffb7d89010,129a2f010,2137
[  801.281256] 5204log,7fffb7d89010,12dd3d010,1996
[  801.881632] 5204log,7fffb7d89010,136135010,2035
[  802.561928] 5204log,7fffb7d89010,10b846010,1908
[  803.242013] 5204log,7fffb7d89010,10e8f2010,5199
[  803.926654] 5204log,7fffb7d89010,136dc3010,5373
[  804.612741] 5204log,7fffb7d89010,10b83f010,1581
[  805.228828] 5204log,7fffb7d89010,1059b0010,1731
[  805.892714] 5204log,7fffb7d89010,13368c010,2182
[  806.511596] 5204log,7fffb7d89010,103a58010,2633
[  807.152738] 5204log,7fffb7d89010,137ff7010,2045
[  807.858775] 5204log,7fffb7d89010,136db2010,2320
[  808.543634] 5204log,7fffb7d89010,105981010,2000
[  809.269206] 5204log,7fffb7d89010,136dba010,2553
[  809.903255] 5204log,7fffb7d89010,12dcc3010,2443
[  810.620008] 5204log,7fffb7d89010,13a9c4010,1940
[  811.235169] 5204log,7fffb7d89010,10c14c010,2004
[  811.848645] 5204log,7fffb7d89010,10b80d010,1883
[  812.465313] 5204log,7fffb7d89010,12db97010,1917
[  813.038649] 5204log,7fffb7d89010,108599010,2015
[  813.761186] 5204log,7fffb7d89010,1074fd010,2183
[  814.442316] 5204log,7fffb7d89010,10b880010,2091
[  815.018417] 5204log,7fffb7d89010,107723010,2333
[  815.722877] 5204log,7fffb7d89010,136e4e010,2353
[  816.427972] 5204log,7fffb7d89010,10bb20010,1936
[  817.143508] 5204log,7fffb7d89010,13780d010,2500
[  817.753666] 5204log,7fffb7d89010,12f76b010,1850
[  818.436445] 5204log,7fffb7d89010,10b1b8010,2458
[  819.148922] 5204log,7fffb7d89010,136104010,5444
[  819.865720] 5204log,7fffb7d89010,12c160010,1813
[  820.443085] 5204log,7fffb7d89010,12ba21010,2109
[  821.122147] 5204log,7fffb7d89010,11393f010,5595
[  821.699667] 5204log,7fffb7d89010,10c147010,1664
